# Description: This file contains monthly means and monthly anomalies for surface air temperature from ERA5 averaged over the global domain (0–360°E, 90°S–90°N) from 1940 to 2026.,,,,
# Data source: ERA5 monthly gridded data can be downloaded from https://cds.climate.copernicus.eu/datasets/reanalysis-era5-single-levels-monthly-means,,,,,
# Method: Details about the method used to estimate temperature anomalies relative to the 1850-1900 preindustrial reference period can be found in this webpage: https://climate.copernicus.eu/climate-bulletin-about-data-and-analysis,,,,,
# Columns:,,,,,
#   2t: Monthly absolute temperature,,,,,
#   clim_91-20: Monthly climatology for 1991-2020 ,,,,,
#   ano_91-20: Monthly anomaly relative to 1991-2020,,,,,
#   offset_pi: Monthly offset between 1850-1900 and 1991-2020,,,,,
#   ano_pi: Monthly anomaly relative to 1850-1900,,,,,
# Units: deg. C,,,,,
# Last updated: 03 Jun 2026,,,,,
month,2t,clim_91-20,ano_91-20,offset_pi,ano_pi
1940-01-01,11.4967,12.4422,-0.9455,0.9600,0.0145
1940-02-01,11.8722,12.7304,-0.8582,0.9600,0.1018
1940-03-01,12.5240,13.4098,-0.8858,0.9500,0.0642
1940-04-01,13.7569,14.3622,-0.6053,0.9100,0.3047
1940-05-01,14.7455,15.2619,-0.5164,0.8700,0.3536
1940-06-01,15.3148,15.9825,-0.6677,0.8300,0.1623
1940-07-01,15.7794,16.2288,-0.4494,0.8000,0.3506
1940-08-01,15.6127,16.1110,-0.4983,0.8000,0.3017
1940-09-01,14.8116,15.4456,-0.6341,0.8100,0.1759
1940-10-01,13.6332,14.4461,-0.8129,0.8500,0.0371
1940-11-01,12.6111,13.3701,-0.7590,0.8900,0.1310
1940-12-01,12.0656,12.6653,-0.5996,0.9300,0.3304
1941-01-01,11.7609,12.4422,-0.6813,0.9600,0.2787
1941-02-01,12.1864,12.7304,-0.5440,0.9600,0.4160
1941-03-01,12.6954,13.4098,-0.7144,0.9500,0.2356
1941-04-01,13.5549,14.3622,-0.8073,0.9100,0.1027
1941-05-01,14.6544,15.2619,-0.6075,0.8700,0.2625
1941-06-01,15.4902,15.9825,-0.4923,0.8300,0.3377
1941-07-01,15.6862,16.2288,-0.5426,0.8000,0.2574
1941-08-01,15.6370,16.1110,-0.4740,0.8000,0.3260
1941-09-01,14.5922,15.4456,-0.8534,0.8100,-0.0434
1941-10-01,13.9382,14.4461,-0.5079,0.8500,0.3421
1941-11-01,12.5858,13.3701,-0.7843,0.8900,0.1057
1941-12-01,11.9743,12.6653,-0.6910,0.9300,0.2390
1942-01-01,11.8804,12.4422,-0.5617,0.9600,0.3983
1942-02-01,11.9328,12.7304,-0.7976,0.9600,0.1624
1942-03-01,12.7005,13.4098,-0.7093,0.9500,0.2407
1942-04-01,13.5583,14.3622,-0.8039,0.9100,0.1061
1942-05-01,14.6531,15.2619,-0.6088,0.8700,0.2612
1942-06-01,15.3033,15.9825,-0.6792,0.8300,0.1508
1942-07-01,15.5045,16.2288,-0.7243,0.8000,0.0757
1942-08-01,15.3634,16.1110,-0.7476,0.8000,0.0524
1942-09-01,14.7051,15.4456,-0.7405,0.8100,0.0695
1942-10-01,13.7249,14.4461,-0.7212,0.8500,0.1288
1942-11-01,12.4959,13.3701,-0.8742,0.8900,0.0158
1942-12-01,11.8459,12.6653,-0.8194,0.9300,0.1106
1943-01-01,11.6244,12.4422,-0.8178,0.9600,0.1422
1943-02-01,12.0455,12.7304,-0.6849,0.9600,0.2751
1943-03-01,12.5236,13.4098,-0.8862,0.9500,0.0638
1943-04-01,13.5895,14.3622,-0.7727,0.9100,0.1373
1943-05-01,14.6321,15.2619,-0.6298,0.8700,0.2402
1943-06-01,15.2204,15.9825,-0.7621,0.8300,0.0679
1943-07-01,15.4872,16.2288,-0.7416,0.8000,0.0584
1943-08-01,15.3353,16.1110,-0.7757,0.8000,0.0243
1943-09-01,14.7366,15.4456,-0.7090,0.8100,0.1010
1943-10-01,13.7967,14.4461,-0.6494,0.8500,0.2006
1943-11-01,12.6941,13.3701,-0.6760,0.8900,0.2140
1943-12-01,12.0554,12.6653,-0.6099,0.9300,0.3201
1944-01-01,12.0522,12.4422,-0.3900,0.9600,0.5700
1944-02-01,12.2303,12.7304,-0.5002,0.9600,0.4598
1944-03-01,12.9505,13.4098,-0.4593,0.9500,0.4907
1944-04-01,13.7312,14.3622,-0.6310,0.9100,0.2790
1944-05-01,14.6636,15.2619,-0.5983,0.8700,0.2717
1944-06-01,15.4662,15.9825,-0.5163,0.8300,0.3137
1944-07-01,15.6970,16.2288,-0.5318,0.8000,0.2682
1944-08-01,15.6433,16.1110,-0.4677,0.8000,0.3323
1944-09-01,15.0339,15.4456,-0.4117,0.8100,0.3983
1944-10-01,13.9869,14.4461,-0.4591,0.8500,0.3909
1944-11-01,12.6785,13.3701,-0.6916,0.8900,0.1984
1944-12-01,11.9037,12.6653,-0.7616,0.9300,0.1684
1945-01-01,11.6976,12.4422,-0.7446,0.9600,0.2154
1945-02-01,11.8094,12.7304,-0.9210,0.9600,0.0390
1945-03-01,12.5996,13.4098,-0.8102,0.9500,0.1398
1945-04-01,13.6973,14.3622,-0.6649,0.9100,0.2451
1945-05-01,14.5283,15.2619,-0.7336,0.8700,0.1364
1945-06-01,15.4500,15.9825,-0.5325,0.8300,0.2975
1945-07-01,15.5813,16.2288,-0.6475,0.8000,0.1525
1945-08-01,15.7765,16.1110,-0.3345,0.8000,0.4655
1945-09-01,14.9206,15.4456,-0.5250,0.8100,0.2850
1945-10-01,13.8884,14.4461,-0.5576,0.8500,0.2924
1945-11-01,12.6137,13.3701,-0.7564,0.8900,0.1336
1945-12-01,11.7981,12.6653,-0.8672,0.9300,0.0628
1946-01-01,11.8215,12.4422,-0.6207,0.9600,0.3393
1946-02-01,12.0032,12.7304,-0.7272,0.9600,0.2328
1946-03-01,12.7570,13.4098,-0.6528,0.9500,0.2972
1946-04-01,13.7380,14.3622,-0.6242,0.9100,0.2858
1946-05-01,14.7078,15.2619,-0.5542,0.8700,0.3158
1946-06-01,15.3448,15.9825,-0.6377,0.8300,0.1923
1946-07-01,15.6515,16.2288,-0.5773,0.8000,0.2227
1946-08-01,15.4420,16.1110,-0.6690,0.8000,0.1310
1946-09-01,14.7925,15.4456,-0.6531,0.8100,0.1569
1946-10-01,13.6686,14.4461,-0.7775,0.8500,0.0725
1946-11-01,12.6458,13.3701,-0.7243,0.8900,0.1657
1946-12-01,11.8252,12.6653,-0.8401,0.9300,0.0899
1947-01-01,11.8086,12.4422,-0.6335,0.9600,0.3265
1947-02-01,12.0034,12.7304,-0.7270,0.9600,0.2330
1947-03-01,12.8301,13.4098,-0.5797,0.9500,0.3703
1947-04-01,13.8477,14.3622,-0.5145,0.9100,0.3955
1947-05-01,14.6924,15.2619,-0.5695,0.8700,0.3005
1947-06-01,15.4639,15.9825,-0.5186,0.8300,0.3114
1947-07-01,15.6871,16.2288,-0.5417,0.8000,0.2583
1947-08-01,15.4479,16.1110,-0.6631,0.8000,0.1369
1947-09-01,14.7546,15.4456,-0.6910,0.8100,0.1190
1947-10-01,13.8667,14.4461,-0.5794,0.8500,0.2706
1947-11-01,12.6793,13.3701,-0.6908,0.8900,0.1992
1947-12-01,11.8499,12.6653,-0.8154,0.9300,0.1146
1948-01-01,11.7916,12.4422,-0.6506,0.9600,0.3094
1948-02-01,11.8896,12.7304,-0.8408,0.9600,0.1192
1948-03-01,12.5169,13.4098,-0.8929,0.9500,0.0571
1948-04-01,13.6196,14.3622,-0.7426,0.9100,0.1674
1948-05-01,14.7162,15.2619,-0.5457,0.8700,0.3243
1948-06-01,15.3808,15.9825,-0.6017,0.8300,0.2283
1948-07-01,15.6344,16.2288,-0.5944,0.8000,0.2056
1948-08-01,15.5413,16.1110,-0.5697,0.8000,0.2303
1948-09-01,14.7305,15.4456,-0.7152,0.8100,0.0948
1948-10-01,13.8626,14.4461,-0.5835,0.8500,0.2665
1948-11-01,12.7500,13.3701,-0.6201,0.8900,0.2699
1948-12-01,11.7687,12.6653,-0.8965,0.9300,0.0335
1949-01-01,11.8996,12.4422,-0.5426,0.9600,0.4174
1949-02-01,11.9807,12.7304,-0.7497,0.9600,0.2103
1949-03-01,12.7099,13.4098,-0.6999,0.9500,0.2501
1949-04-01,13.6286,14.3622,-0.7336,0.9100,0.1764
1949-05-01,14.6531,15.2619,-0.6088,0.8700,0.2612
1949-06-01,15.2993,15.9825,-0.6832,0.8300,0.1468
1949-07-01,15.6717,16.2288,-0.5571,0.8000,0.2429
1949-08-01,15.4457,16.1110,-0.6653,0.8000,0.1347
1949-09-01,14.8130,15.4456,-0.6326,0.8100,0.1774
1949-10-01,13.7787,14.4461,-0.6674,0.8500,0.1826
1949-11-01,12.7164,13.3701,-0.6537,0.8900,0.2363
1949-12-01,11.9949,12.6653,-0.6704,0.9300,0.2596
1950-01-01,11.5314,12.4422,-0.9107,0.9600,0.0493
1950-02-01,11.7929,12.7304,-0.9375,0.9600,0.0225
1950-03-01,12.6352,13.4098,-0.7746,0.9500,0.1754
1950-04-01,13.5250,14.3622,-0.8372,0.9100,0.0728
1950-05-01,14.5600,15.2619,-0.7019,0.8700,0.1681
1950-06-01,15.3428,15.9825,-0.6397,0.8300,0.1903
1950-07-01,15.5166,16.2288,-0.7122,0.8000,0.0878
1950-08-01,15.2952,16.1110,-0.8158,0.8000,-0.0158
1950-09-01,14.7815,15.4456,-0.6641,0.8100,0.1459
1950-10-01,13.7998,14.4461,-0.6463,0.8500,0.2037
1950-11-01,12.4694,13.3701,-0.9007,0.8900,-0.0107
1950-12-01,12.0033,12.6653,-0.6620,0.9300,0.2680
1951-01-01,11.5238,12.4422,-0.9184,0.9600,0.0416
1951-02-01,11.6836,12.7304,-1.0468,0.9600,-0.0868
1951-03-01,12.5638,13.4098,-0.8460,0.9500,0.1040
1951-04-01,13.6428,14.3622,-0.7194,0.9100,0.1906
1951-05-01,14.8499,15.2619,-0.4120,0.8700,0.4580
1951-06-01,15.4829,15.9825,-0.4996,0.8300,0.3304
1951-07-01,15.5619,16.2288,-0.6669,0.8000,0.1331
1951-08-01,15.6236,16.1110,-0.4874,0.8000,0.3126
1951-09-01,14.9535,15.4456,-0.4921,0.8100,0.3179
1951-10-01,13.9645,14.4461,-0.4816,0.8500,0.3684
1951-11-01,12.7905,13.3701,-0.5796,0.8900,0.3104
1951-12-01,12.2012,12.6653,-0.4641,0.9300,0.4659
1952-01-01,11.9322,12.4422,-0.5100,0.9600,0.4500
1952-02-01,12.1383,12.7304,-0.5921,0.9600,0.3679
1952-03-01,12.6662,13.4098,-0.7436,0.9500,0.2064
1952-04-01,13.6557,14.3622,-0.7065,0.9100,0.2035
1952-05-01,14.6975,15.2619,-0.5644,0.8700,0.3056
1952-06-01,15.4390,15.9825,-0.5435,0.8300,0.2865
1952-07-01,15.6882,16.2288,-0.5405,0.8000,0.2595
1952-08-01,15.4249,16.1110,-0.6861,0.8000,0.1139
1952-09-01,14.8337,15.4456,-0.6119,0.8100,0.1981
1952-10-01,13.7544,14.4461,-0.6917,0.8500,0.1583
1952-11-01,12.4590,13.3701,-0.9111,0.8900,-0.0211
1952-12-01,11.9635,12.6653,-0.7018,0.9300,0.2282
1953-01-01,11.7898,12.4422,-0.6524,0.9600,0.3076
1953-02-01,12.1219,12.7304,-0.6085,0.9600,0.3515
1953-03-01,12.7567,13.4098,-0.6532,0.9500,0.2968
1953-04-01,13.8595,14.3622,-0.5028,0.9100,0.4072
1953-05-01,14.8720,15.2619,-0.3899,0.8700,0.4801
1953-06-01,15.4586,15.9825,-0.5239,0.8300,0.3061
1953-07-01,15.7278,16.2288,-0.5010,0.8000,0.2990
1953-08-01,15.5821,16.1110,-0.5289,0.8000,0.2711
1953-09-01,14.8143,15.4456,-0.6313,0.8100,0.1787
1953-10-01,13.8485,14.4461,-0.5976,0.8500,0.2524
1953-11-01,12.6767,13.3701,-0.6934,0.8900,0.1966
1953-12-01,12.0702,12.6653,-0.5951,0.9300,0.3349
1954-01-01,11.5667,12.4422,-0.8755,0.9600,0.0845
1954-02-01,11.9341,12.7304,-0.7963,0.9600,0.1637
1954-03-01,12.6614,13.4098,-0.7485,0.9500,0.2015
1954-04-01,13.5888,14.3622,-0.7734,0.9100,0.1366
1954-05-01,14.6176,15.2619,-0.6443,0.8700,0.2257
1954-06-01,15.2534,15.9825,-0.7291,0.8300,0.1009
1954-07-01,15.4978,16.2288,-0.7310,0.8000,0.0690
1954-08-01,15.3096,16.1110,-0.8014,0.8000,-0.0014
1954-09-01,14.5712,15.4456,-0.8744,0.8100,-0.0644
1954-10-01,13.6748,14.4461,-0.7713,0.8500,0.0787
1954-11-01,12.6872,13.3701,-0.6829,0.8900,0.2071
1954-12-01,11.8529,12.6653,-0.8124,0.9300,0.1176
1955-01-01,11.8612,12.4422,-0.5809,0.9600,0.3791
1955-02-01,11.8131,12.7304,-0.9173,0.9600,0.0427
1955-03-01,12.3842,13.4098,-1.0256,0.9500,-0.0756
1955-04-01,13.5171,14.3622,-0.8451,0.9100,0.0649
1955-05-01,14.5422,15.2619,-0.7197,0.8700,0.1503
1955-06-01,15.2633,15.9825,-0.7192,0.8300,0.1108
1955-07-01,15.4665,16.2288,-0.7623,0.8000,0.0377
1955-08-01,15.5120,16.1110,-0.5990,0.8000,0.2010
1955-09-01,14.7629,15.4456,-0.6828,0.8100,0.1272
1955-10-01,13.7086,14.4461,-0.7375,0.8500,0.1125
1955-11-01,12.4502,13.3701,-0.9199,0.8900,-0.0299
1955-12-01,11.7194,12.6653,-0.9459,0.9300,-0.0159
1956-01-01,11.6855,12.4422,-0.7566,0.9600,0.2034
1956-02-01,11.8479,12.7304,-0.8825,0.9600,0.0775
1956-03-01,12.5660,13.4098,-0.8438,0.9500,0.1062
1956-04-01,13.4820,14.3622,-0.8802,0.9100,0.0298
1956-05-01,14.4251,15.2619,-0.8368,0.8700,0.0332
1956-06-01,15.1834,15.9825,-0.7991,0.8300,0.0309
1956-07-01,15.4492,16.2288,-0.7796,0.8000,0.0204
1956-08-01,15.2281,16.1110,-0.8829,0.8000,-0.0829
1956-09-01,14.5247,15.4456,-0.9209,0.8100,-0.1109
1956-10-01,13.4600,14.4461,-0.9861,0.8500,-0.1361
1956-11-01,12.5167,13.3701,-0.8534,0.8900,0.0366
1956-12-01,11.9185,12.6653,-0.7468,0.9300,0.1832
1957-01-01,11.6545,12.4422,-0.7877,0.9600,0.1723
1957-02-01,11.9331,12.7304,-0.7973,0.9600,0.1627
1957-03-01,12.6051,13.4098,-0.8047,0.9500,0.1453
1957-04-01,13.7016,14.3622,-0.6606,0.9100,0.2494
1957-05-01,14.7192,15.2619,-0.5427,0.8700,0.3273
1957-06-01,15.5115,15.9825,-0.4710,0.8300,0.3590
1957-07-01,15.6526,16.2288,-0.5762,0.8000,0.2238
1957-08-01,15.5843,16.1110,-0.5268,0.8000,0.2732
1957-09-01,14.9125,15.4456,-0.5331,0.8100,0.2769
1957-10-01,13.9250,14.4461,-0.5211,0.8500,0.3289
1957-11-01,12.8601,13.3701,-0.5100,0.8900,0.3800
1957-12-01,12.2063,12.6653,-0.4589,0.9300,0.4711
1958-01-01,12.1465,12.4422,-0.2957,0.9600,0.6643
1958-02-01,12.2606,12.7304,-0.4698,0.9600,0.4902
1958-03-01,12.8746,13.4098,-0.5352,0.9500,0.4148
1958-04-01,13.8225,14.3622,-0.5397,0.9100,0.3703
1958-05-01,14.8351,15.2619,-0.4268,0.8700,0.4432
1958-06-01,15.4424,15.9825,-0.5400,0.8300,0.2900
1958-07-01,15.7439,16.2288,-0.4849,0.8000,0.3151
1958-08-01,15.5343,16.1110,-0.5767,0.8000,0.2233
1958-09-01,14.7906,15.4456,-0.6550,0.8100,0.1550
1958-10-01,13.8229,14.4461,-0.6232,0.8500,0.2268
1958-11-01,12.7380,13.3701,-0.6321,0.8900,0.2579
1958-12-01,12.0569,12.6653,-0.6083,0.9300,0.3217
1959-01-01,11.9331,12.4422,-0.5091,0.9600,0.4509
1959-02-01,12.1666,12.7304,-0.5639,0.9600,0.3961
1959-03-01,12.9764,13.4098,-0.4334,0.9500,0.5166
1959-04-01,13.8941,14.3622,-0.4681,0.9100,0.4419
1959-05-01,14.7315,15.2619,-0.5304,0.8700,0.3396
1959-06-01,15.4666,15.9825,-0.5159,0.8300,0.3141
1959-07-01,15.7003,16.2288,-0.5285,0.8000,0.2715
1959-08-01,15.5181,16.1110,-0.5929,0.8000,0.2071
1959-09-01,14.7419,15.4456,-0.7037,0.8100,0.1063
1959-10-01,13.8084,14.4461,-0.6377,0.8500,0.2123
1959-11-01,12.6349,13.3701,-0.7352,0.8900,0.1548
1959-12-01,12.0748,12.6653,-0.5905,0.9300,0.3395
1960-01-01,11.8729,12.4422,-0.5693,0.9600,0.3907
1960-02-01,12.2442,12.7304,-0.4862,0.9600,0.4738
1960-03-01,12.4977,13.4098,-0.9121,0.9500,0.0379
1960-04-01,13.6172,14.3622,-0.7450,0.9100,0.1650
1960-05-01,14.6432,15.2619,-0.6187,0.8700,0.2513
1960-06-01,15.4144,15.9825,-0.5681,0.8300,0.2619
1960-07-01,15.6521,16.2288,-0.5767,0.8000,0.2233
1960-08-01,15.5799,16.1110,-0.5312,0.8000,0.2688
1960-09-01,14.8226,15.4456,-0.6230,0.8100,0.1870
1960-10-01,13.8773,14.4461,-0.5688,0.8500,0.2812
1960-11-01,12.6528,13.3701,-0.7173,0.8900,0.1727
1960-12-01,12.2311,12.6653,-0.4341,0.9300,0.4959
1961-01-01,11.9235,12.4422,-0.5187,0.9600,0.4413
1961-02-01,12.2438,12.7304,-0.4866,0.9600,0.4734
1961-03-01,12.8457,13.4098,-0.5642,0.9500,0.3858
1961-04-01,13.8443,14.3622,-0.5180,0.9100,0.3920
1961-05-01,14.8333,15.2619,-0.4286,0.8700,0.4414
1961-06-01,15.5201,15.9825,-0.4624,0.8300,0.3676
1961-07-01,15.7371,16.2288,-0.4917,0.8000,0.3083
1961-08-01,15.5628,16.1110,-0.5482,0.8000,0.2518
1961-09-01,14.9302,15.4456,-0.5154,0.8100,0.2946
1961-10-01,13.8673,14.4461,-0.5788,0.8500,0.2712
1961-11-01,12.7598,13.3701,-0.6103,0.8900,0.2797
1961-12-01,11.9452,12.6653,-0.7201,0.9300,0.2099
1962-01-01,11.8502,12.4422,-0.5920,0.9600,0.3680
1962-02-01,12.2033,12.7304,-0.5271,0.9600,0.4329
1962-03-01,12.8506,13.4098,-0.5592,0.9500,0.3908
1962-04-01,13.7711,14.3622,-0.5912,0.9100,0.3188
1962-05-01,14.6334,15.2619,-0.6285,0.8700,0.2415
1962-06-01,15.3285,15.9825,-0.6539,0.8300,0.1761
1962-07-01,15.6878,16.2288,-0.5410,0.8000,0.2590
1962-08-01,15.5107,16.1110,-0.6003,0.8000,0.1997
1962-09-01,14.8000,15.4456,-0.6456,0.8100,0.1644
1962-10-01,13.8388,14.4461,-0.6073,0.8500,0.2427
1962-11-01,12.7671,13.3701,-0.6030,0.8900,0.2870
1962-12-01,12.0447,12.6653,-0.6206,0.9300,0.3094
1963-01-01,11.7911,12.4422,-0.6511,0.9600,0.3089
1963-02-01,12.1951,12.7304,-0.5353,0.9600,0.4247
1963-03-01,12.5612,13.4098,-0.8487,0.9500,0.1013
1963-04-01,13.6274,14.3622,-0.7348,0.9100,0.1752
1963-05-01,14.6412,15.2619,-0.6207,0.8700,0.2493
1963-06-01,15.4639,15.9825,-0.5186,0.8300,0.3114
1963-07-01,15.8016,16.2288,-0.4271,0.8000,0.3729
1963-08-01,15.7590,16.1110,-0.3520,0.8000,0.4480
1963-09-01,14.9991,15.4456,-0.4466,0.8100,0.3634
1963-10-01,13.9421,14.4461,-0.5039,0.8500,0.3461
1963-11-01,12.8606,13.3701,-0.5095,0.8900,0.3805
1963-12-01,12.0880,12.6653,-0.5773,0.9300,0.3527
1964-01-01,11.8045,12.4422,-0.6377,0.9600,0.3223
1964-02-01,12.0517,12.7304,-0.6787,0.9600,0.2813
1964-03-01,12.5653,13.4098,-0.8445,0.9500,0.1055
1964-04-01,13.4903,14.3622,-0.8719,0.9100,0.0381
1964-05-01,14.5540,15.2619,-0.7079,0.8700,0.1621
1964-06-01,15.3399,15.9825,-0.6425,0.8300,0.1875
1964-07-01,15.7259,16.2288,-0.5029,0.8000,0.2971
1964-08-01,15.4172,16.1110,-0.6938,0.8000,0.1062
1964-09-01,14.5499,15.4456,-0.8957,0.8100,-0.0857
1964-10-01,13.4447,14.4461,-1.0014,0.8500,-0.1514
1964-11-01,12.4923,13.3701,-0.8778,0.8900,0.0122
1964-12-01,11.7511,12.6653,-0.9142,0.9300,0.0158
1965-01-01,11.7031,12.4422,-0.7391,0.9600,0.2209
1965-02-01,11.8875,12.7304,-0.8429,0.9600,0.1171
1965-03-01,12.6268,13.4098,-0.7830,0.9500,0.1670
1965-04-01,13.5586,14.3622,-0.8036,0.9100,0.1064
1965-05-01,14.6311,15.2619,-0.6308,0.8700,0.2392
1965-06-01,15.3097,15.9825,-0.6728,0.8300,0.1572
1965-07-01,15.5962,16.2288,-0.6326,0.8000,0.1674
1965-08-01,15.4394,16.1110,-0.6716,0.8000,0.1284
1965-09-01,14.7239,15.4456,-0.7217,0.8100,0.0883
1965-10-01,13.7663,14.4461,-0.6798,0.8500,0.1702
1965-11-01,12.6808,13.3701,-0.6893,0.8900,0.2007
1965-12-01,12.0066,12.6653,-0.6586,0.9300,0.2714
1966-01-01,11.7023,12.4422,-0.7398,0.9600,0.2202
1966-02-01,12.0593,12.7304,-0.6711,0.9600,0.2889
1966-03-01,12.7816,13.4098,-0.6282,0.9500,0.3218
1966-04-01,13.6653,14.3622,-0.6970,0.9100,0.2130
1966-05-01,14.6404,15.2619,-0.6215,0.8700,0.2485
1966-06-01,15.4719,15.9825,-0.5106,0.8300,0.3194
1966-07-01,15.8207,16.2288,-0.4081,0.8000,0.3919
1966-08-01,15.5322,16.1110,-0.5788,0.8000,0.2212
1966-09-01,14.8453,15.4456,-0.6004,0.8100,0.2096
1966-10-01,13.6658,14.4461,-0.7803,0.8500,0.0697
1966-11-01,12.6746,13.3701,-0.6955,0.8900,0.1945
1966-12-01,12.0087,12.6653,-0.6566,0.9300,0.2734
1967-01-01,11.7071,12.4422,-0.7351,0.9600,0.2249
1967-02-01,11.8237,12.7304,-0.9067,0.9600,0.0533
1967-03-01,12.7703,13.4098,-0.6395,0.9500,0.3105
1967-04-01,13.7061,14.3622,-0.6561,0.9100,0.2539
1967-05-01,14.8420,15.2619,-0.4199,0.8700,0.4501
1967-06-01,15.3893,15.9825,-0.5932,0.8300,0.2368
1967-07-01,15.7015,16.2288,-0.5273,0.8000,0.2727
1967-08-01,15.5407,16.1110,-0.5703,0.8000,0.2297
1967-09-01,14.8644,15.4456,-0.5812,0.8100,0.2288
1967-10-01,13.9268,14.4461,-0.5193,0.8500,0.3307
1967-11-01,12.7022,13.3701,-0.6679,0.8900,0.2221
1967-12-01,12.0511,12.6653,-0.6142,0.9300,0.3158
1968-01-01,11.6002,12.4422,-0.8420,0.9600,0.1180
1968-02-01,11.9459,12.7304,-0.7845,0.9600,0.1755
1968-03-01,12.8766,13.4098,-0.5332,0.9500,0.4168
1968-04-01,13.6745,14.3622,-0.6877,0.9100,0.2223
1968-05-01,14.6168,15.2619,-0.6451,0.8700,0.2249
1968-06-01,15.2978,15.9825,-0.6847,0.8300,0.1453
1968-07-01,15.6356,16.2288,-0.5932,0.8000,0.2068
1968-08-01,15.4589,16.1110,-0.6521,0.8000,0.1479
1968-09-01,14.7037,15.4456,-0.7419,0.8100,0.0681
1968-10-01,13.8837,14.4461,-0.5624,0.8500,0.2876
1968-11-01,12.6571,13.3701,-0.7130,0.8900,0.1770
1968-12-01,11.9266,12.6653,-0.7387,0.9300,0.1913
1969-01-01,11.7395,12.4422,-0.7026,0.9600,0.2574
1969-02-01,11.9611,12.7304,-0.7693,0.9600,0.1907
1969-03-01,12.7855,13.4098,-0.6243,0.9500,0.3257
1969-04-01,13.9005,14.3622,-0.4617,0.9100,0.4483
1969-05-01,14.8954,15.2619,-0.3665,0.8700,0.5035
1969-06-01,15.5056,15.9825,-0.4769,0.8300,0.3531
1969-07-01,15.7030,16.2288,-0.5258,0.8000,0.2742
1969-08-01,15.4535,16.1110,-0.6576,0.8000,0.1424
1969-09-01,14.8681,15.4456,-0.5775,0.8100,0.2325
1969-10-01,13.8364,14.4461,-0.6096,0.8500,0.2404
1969-11-01,12.8898,13.3701,-0.4803,0.8900,0.4097
1969-12-01,12.3141,12.6653,-0.3512,0.9300,0.5788
1970-01-01,11.9425,12.4422,-0.4997,0.9600,0.4603
1970-02-01,12.2550,12.7304,-0.4754,0.9600,0.4846
1970-03-01,12.8141,13.4098,-0.5957,0.9500,0.3543
1970-04-01,13.8808,14.3622,-0.4814,0.9100,0.4286
1970-05-01,14.7153,15.2619,-0.5466,0.8700,0.3234
1970-06-01,15.4803,15.9825,-0.5022,0.8300,0.3278
1970-07-01,15.7130,16.2288,-0.5158,0.8000,0.2842
1970-08-01,15.4279,16.1110,-0.6831,0.8000,0.1169
1970-09-01,14.8331,15.4456,-0.6125,0.8100,0.1975
1970-10-01,13.8060,14.4461,-0.6401,0.8500,0.2099
1970-11-01,12.7148,13.3701,-0.6553,0.8900,0.2347
1970-12-01,11.9676,12.6653,-0.6977,0.9300,0.2323
1971-01-01,11.7785,12.4422,-0.6637,0.9600,0.2963
1971-02-01,11.8821,12.7304,-0.8483,0.9600,0.1117
1971-03-01,12.5977,13.4098,-0.8121,0.9500,0.1379
1971-04-01,13.6524,14.3622,-0.7098,0.9100,0.2002
1971-05-01,14.5699,15.2619,-0.6920,0.8700,0.1780
1971-06-01,15.2606,15.9825,-0.7219,0.8300,0.1081
1971-07-01,15.5259,16.2288,-0.7029,0.8000,0.0971
1971-08-01,15.4074,16.1110,-0.7036,0.8000,0.0964
1971-09-01,14.7664,15.4456,-0.6792,0.8100,0.1308
1971-10-01,13.6544,14.4461,-0.7917,0.8500,0.0583
1971-11-01,12.6171,13.3701,-0.7530,0.8900,0.1370
1971-12-01,11.9795,12.6653,-0.6858,0.9300,0.2442
1972-01-01,11.5713,12.4422,-0.8709,0.9600,0.0891
1972-02-01,11.8211,12.7304,-0.9093,0.9600,0.0507
1972-03-01,12.6924,13.4098,-0.7174,0.9500,0.2326
1972-04-01,13.7475,14.3622,-0.6147,0.9100,0.2953
1972-05-01,14.6900,15.2619,-0.5719,0.8700,0.2981
1972-06-01,15.5706,15.9825,-0.4119,0.8300,0.4181
1972-07-01,15.8126,16.2288,-0.4162,0.8000,0.3838
1972-08-01,15.6551,16.1110,-0.4559,0.8000,0.3441
1972-09-01,14.8972,15.4456,-0.5484,0.8100,0.2616
1972-10-01,13.8975,14.4461,-0.5486,0.8500,0.3014
1972-11-01,12.7334,13.3701,-0.6367,0.8900,0.2533
1972-12-01,12.2272,12.6653,-0.4381,0.9300,0.4919
1973-01-01,12.0864,12.4422,-0.3557,0.9600,0.6043
1973-02-01,12.3997,12.7304,-0.3307,0.9600,0.6293
1973-03-01,12.9646,13.4098,-0.4453,0.9500,0.5047
1973-04-01,13.9455,14.3622,-0.4167,0.9100,0.4933
1973-05-01,14.8932,15.2619,-0.3687,0.8700,0.5013
1973-06-01,15.5276,15.9825,-0.4549,0.8300,0.3751
1973-07-01,15.7778,16.2288,-0.4510,0.8000,0.3490
1973-08-01,15.4878,16.1110,-0.6232,0.8000,0.1768
1973-09-01,14.8535,15.4456,-0.5921,0.8100,0.2179
1973-10-01,13.8033,14.4461,-0.6428,0.8500,0.2072
1973-11-01,12.7574,13.3701,-0.6127,0.8900,0.2773
1973-12-01,12.0599,12.6653,-0.6054,0.9300,0.3246
1974-01-01,11.7004,12.4422,-0.7417,0.9600,0.2183
1974-02-01,11.7770,12.7304,-0.9534,0.9600,0.0066
1974-03-01,12.6149,13.4098,-0.7949,0.9500,0.1551
1974-04-01,13.6024,14.3622,-0.7598,0.9100,0.1502
1974-05-01,14.5273,15.2619,-0.7346,0.8700,0.1354
1974-06-01,15.2635,15.9825,-0.7189,0.8300,0.1111
1974-07-01,15.5293,16.2288,-0.6995,0.8000,0.1005
1974-08-01,15.4906,16.1110,-0.6204,0.8000,0.1796
1974-09-01,14.6523,15.4456,-0.7934,0.8100,0.0166
1974-10-01,13.6144,14.4461,-0.8317,0.8500,0.0183
1974-11-01,12.5703,13.3701,-0.7998,0.8900,0.0902
1974-12-01,11.9027,12.6653,-0.7625,0.9300,0.1675
1975-01-01,11.8000,12.4422,-0.6422,0.9600,0.3178
1975-02-01,12.0698,12.7304,-0.6606,0.9600,0.2994
1975-03-01,12.7985,13.4098,-0.6114,0.9500,0.3386
1975-04-01,13.7205,14.3622,-0.6417,0.9100,0.2683
1975-05-01,14.6313,15.2619,-0.6306,0.8700,0.2394
1975-06-01,15.2881,15.9825,-0.6943,0.8300,0.1357
1975-07-01,15.5004,16.2288,-0.7284,0.8000,0.0716
1975-08-01,15.2736,16.1110,-0.8374,0.8000,-0.0374
1975-09-01,14.6066,15.4456,-0.8391,0.8100,-0.0291
1975-10-01,13.5185,14.4461,-0.9276,0.8500,-0.0776
1975-11-01,12.4949,13.3701,-0.8752,0.8900,0.0148
1975-12-01,11.8423,12.6653,-0.8229,0.9300,0.1071
1976-01-01,11.7103,12.4422,-0.7319,0.9600,0.2281
1976-02-01,11.8323,12.7304,-0.8981,0.9600,0.0619
1976-03-01,12.3959,13.4098,-1.0139,0.9500,-0.0639
1976-04-01,13.5399,14.3622,-0.8224,0.9100,0.0876
1976-05-01,14.3854,15.2619,-0.8765,0.8700,-0.0065
1976-06-01,15.2397,15.9825,-0.7428,0.8300,0.0872
1976-07-01,15.5727,16.2288,-0.6561,0.8000,0.1439
1976-08-01,15.3584,16.1110,-0.7526,0.8000,0.0474
1976-09-01,14.7491,15.4456,-0.6965,0.8100,0.1135
1976-10-01,13.3866,14.4461,-1.0595,0.8500,-0.2095
1976-11-01,12.5507,13.3701,-0.8194,0.8900,0.0706
1976-12-01,11.9990,12.6653,-0.6663,0.9300,0.2637
1977-01-01,11.9043,12.4422,-0.5379,0.9600,0.4221
1977-02-01,12.1435,12.7304,-0.5869,0.9600,0.3731
1977-03-01,12.8320,13.4098,-0.5778,0.9500,0.3722
1977-04-01,13.8527,14.3622,-0.5095,0.9100,0.4005
1977-05-01,14.8468,15.2619,-0.4152,0.8700,0.4548
1977-06-01,15.5948,15.9825,-0.3877,0.8300,0.4423
1977-07-01,15.7895,16.2288,-0.4393,0.8000,0.3607
1977-08-01,15.6450,16.1110,-0.4660,0.8000,0.3340
1977-09-01,14.8009,15.4456,-0.6447,0.8100,0.1653
1977-10-01,13.7301,14.4461,-0.7160,0.8500,0.1340
1977-11-01,12.8872,13.3701,-0.4829,0.8900,0.4071
1977-12-01,12.1239,12.6653,-0.5413,0.9300,0.3887
1978-01-01,11.8864,12.4422,-0.5557,0.9600,0.4043
1978-02-01,12.1460,12.7304,-0.5844,0.9600,0.3756
1978-03-01,12.8362,13.4098,-0.5737,0.9500,0.3763
1978-04-01,13.8100,14.3622,-0.5522,0.9100,0.3578
1978-05-01,14.7699,15.2619,-0.4920,0.8700,0.3780
1978-06-01,15.3573,15.9825,-0.6252,0.8300,0.2048
1978-07-01,15.7413,16.2288,-0.4875,0.8000,0.3125
1978-08-01,15.3897,16.1110,-0.7214,0.8000,0.0786
1978-09-01,14.7616,15.4456,-0.6840,0.8100,0.1260
1978-10-01,13.7509,14.4461,-0.6952,0.8500,0.1548
1978-11-01,12.8434,13.3701,-0.5267,0.8900,0.3633
1978-12-01,12.1508,12.6653,-0.5144,0.9300,0.4156
1979-01-01,12.0201,12.4422,-0.4221,0.9600,0.5379
1979-02-01,12.0417,12.7304,-0.6887,0.9600,0.2713
1979-03-01,12.9226,13.4098,-0.4872,0.9500,0.4628
1979-04-01,13.8531,14.3622,-0.5091,0.9100,0.4009
1979-05-01,14.8149,15.2619,-0.4470,0.8700,0.4230
1979-06-01,15.5511,15.9825,-0.4314,0.8300,0.3986
1979-07-01,15.7320,16.2288,-0.4968,0.8000,0.3032
1979-08-01,15.7023,16.1110,-0.4087,0.8000,0.3913
1979-09-01,15.0700,15.4456,-0.3756,0.8100,0.4344
1979-10-01,14.0819,14.4461,-0.3642,0.8500,0.4858
1979-11-01,12.9861,13.3701,-0.3840,0.8900,0.5060
1979-12-01,12.5333,12.6653,-0.1319,0.9300,0.7981
1980-01-01,12.1426,12.4422,-0.2996,0.9600,0.6604
1980-02-01,12.4810,12.7304,-0.2494,0.9600,0.7106
1980-03-01,13.1323,13.4098,-0.2775,0.9500,0.6725
1980-04-01,14.1776,14.3622,-0.1846,0.9100,0.7254
1980-05-01,15.1704,15.2619,-0.0915,0.8700,0.7785
1980-06-01,15.7291,15.9825,-0.2534,0.8300,0.5766
1980-07-01,16.0202,16.2288,-0.2086,0.8000,0.5914
1980-08-01,15.8273,16.1110,-0.2837,0.8000,0.5163
1980-09-01,15.0786,15.4456,-0.3671,0.8100,0.4429
1980-10-01,13.9908,14.4461,-0.4553,0.8500,0.3947
1980-11-01,12.9410,13.3701,-0.4291,0.8900,0.4609
1980-12-01,12.1930,12.6653,-0.4722,0.9300,0.4578
1981-01-01,12.2681,12.4422,-0.1741,0.9600,0.7859
1981-02-01,12.4798,12.7304,-0.2506,0.9600,0.7094
1981-03-01,13.2454,13.4098,-0.1644,0.9500,0.7856
1981-04-01,14.1485,14.3622,-0.2137,0.9100,0.6963
1981-05-01,15.0317,15.2619,-0.2302,0.8700,0.6398
1981-06-01,15.7335,15.9825,-0.2489,0.8300,0.5811
1981-07-01,15.9880,16.2288,-0.2408,0.8000,0.5592
1981-08-01,15.8755,16.1110,-0.2355,0.8000,0.5645
1981-09-01,15.1103,15.4456,-0.3353,0.8100,0.4747
1981-10-01,14.0276,14.4461,-0.4185,0.8500,0.4315
1981-11-01,12.9453,13.3701,-0.4248,0.8900,0.4652
1981-12-01,12.4308,12.6653,-0.2345,0.9300,0.6955
1982-01-01,11.8649,12.4422,-0.5772,0.9600,0.3828
1982-02-01,12.2414,12.7304,-0.4890,0.9600,0.4710
1982-03-01,12.7718,13.4098,-0.6380,0.9500,0.3120
1982-04-01,13.8239,14.3622,-0.5383,0.9100,0.3717
1982-05-01,14.8897,15.2619,-0.3722,0.8700,0.4978
1982-06-01,15.5628,15.9825,-0.4197,0.8300,0.4103
1982-07-01,15.8915,16.2288,-0.3373,0.8000,0.4627
1982-08-01,15.6579,16.1110,-0.4531,0.8000,0.3469
1982-09-01,14.9808,15.4456,-0.4649,0.8100,0.3451
1982-10-01,13.9265,14.4461,-0.5196,0.8500,0.3304
1982-11-01,12.8496,13.3701,-0.5205,0.8900,0.3695
1982-12-01,12.4324,12.6653,-0.2329,0.9300,0.6971
1983-01-01,12.2906,12.4422,-0.1516,0.9600,0.8084
1983-02-01,12.5363,12.7304,-0.1941,0.9600,0.7659
1983-03-01,13.2208,13.4098,-0.1890,0.9500,0.7610
1983-04-01,14.0849,14.3622,-0.2773,0.9100,0.6327
1983-05-01,15.1284,15.2619,-0.1335,0.8700,0.7365
1983-06-01,15.7171,15.9825,-0.2654,0.8300,0.5646
1983-07-01,15.9130,16.2288,-0.3158,0.8000,0.4842
1983-08-01,15.8620,16.1110,-0.2490,0.8000,0.5510
1983-09-01,15.2494,15.4456,-0.1963,0.8100,0.6137
1983-10-01,13.9711,14.4461,-0.4750,0.8500,0.3750
1983-11-01,13.0163,13.3701,-0.3538,0.8900,0.5362
1983-12-01,12.2415,12.6653,-0.4237,0.9300,0.5063
1984-01-01,12.0399,12.4422,-0.4023,0.9600,0.5577
1984-02-01,12.1718,12.7304,-0.5586,0.9600,0.4014
1984-03-01,13.0163,13.4098,-0.3935,0.9500,0.5565
1984-04-01,13.8926,14.3622,-0.4696,0.9100,0.4404
1984-05-01,15.0468,15.2619,-0.2151,0.8700,0.6549
1984-06-01,15.4770,15.9825,-0.5055,0.8300,0.3245
1984-07-01,15.6977,16.2288,-0.5311,0.8000,0.2689
1984-08-01,15.6732,16.1110,-0.4378,0.8000,0.3622
1984-09-01,14.9603,15.4456,-0.4854,0.8100,0.3246
1984-10-01,13.9245,14.4461,-0.5216,0.8500,0.3284
1984-11-01,12.7177,13.3701,-0.6524,0.8900,0.2376
1984-12-01,12.0622,12.6653,-0.6031,0.9300,0.3269
1985-01-01,12.0195,12.4422,-0.4227,0.9600,0.5373
1985-02-01,12.0347,12.7304,-0.6957,0.9600,0.2643
1985-03-01,12.8784,13.4098,-0.5314,0.9500,0.4186
1985-04-01,13.8890,14.3622,-0.4732,0.9100,0.4368
1985-05-01,14.8247,15.2619,-0.4372,0.8700,0.4328
1985-06-01,15.5165,15.9825,-0.4660,0.8300,0.3640
1985-07-01,15.6939,16.2288,-0.5349,0.8000,0.2651
1985-08-01,15.7175,16.1110,-0.3935,0.8000,0.4065
1985-09-01,14.9255,15.4456,-0.5202,0.8100,0.2898
1985-10-01,13.7997,14.4461,-0.6464,0.8500,0.2036
1985-11-01,12.7765,13.3701,-0.5936,0.8900,0.2964
1985-12-01,12.1196,12.6653,-0.5457,0.9300,0.3843
1986-01-01,12.0094,12.4422,-0.4328,0.9600,0.5272
1986-02-01,12.3511,12.7304,-0.3793,0.9600,0.5807
1986-03-01,12.9963,13.4098,-0.4135,0.9500,0.5365
1986-04-01,14.0618,14.3622,-0.3005,0.9100,0.6095
1986-05-01,14.9923,15.2619,-0.2696,0.8700,0.6004
1986-06-01,15.5349,15.9825,-0.4476,0.8300,0.3824
1986-07-01,15.7811,16.2288,-0.4477,0.8000,0.3523
1986-08-01,15.6745,16.1110,-0.4365,0.8000,0.3635
1986-09-01,14.9194,15.4456,-0.5262,0.8100,0.2838
1986-10-01,13.8526,14.4461,-0.5935,0.8500,0.2565
1986-11-01,12.8691,13.3701,-0.5010,0.8900,0.3890
1986-12-01,12.2183,12.6653,-0.4469,0.9300,0.4831
1987-01-01,12.1089,12.4422,-0.3333,0.9600,0.6267
1987-02-01,12.4402,12.7304,-0.2902,0.9600,0.6698
1987-03-01,12.9277,13.4098,-0.4821,0.9500,0.4679
1987-04-01,14.0275,14.3622,-0.3348,0.9100,0.5752
1987-05-01,14.9889,15.2619,-0.2730,0.8700,0.5970
1987-06-01,15.7916,15.9825,-0.1908,0.8300,0.6392
1987-07-01,16.1404,16.2288,-0.0883,0.8000,0.7117
1987-08-01,15.8409,16.1110,-0.2701,0.8000,0.5299
1987-09-01,15.2223,15.4456,-0.2234,0.8100,0.5866
1987-10-01,14.1002,14.4461,-0.3459,0.8500,0.5041
1987-11-01,12.9972,13.3701,-0.3729,0.8900,0.5171
1987-12-01,12.5395,12.6653,-0.1257,0.9300,0.8043
1988-01-01,12.3109,12.4422,-0.1313,0.9600,0.8287
1988-02-01,12.3963,12.7304,-0.3341,0.9600,0.6259
1988-03-01,13.2171,13.4098,-0.1927,0.9500,0.7573
1988-04-01,14.1727,14.3622,-0.1895,0.9100,0.7205
1988-05-01,15.1592,15.2619,-0.1027,0.8700,0.7673
1988-06-01,15.8261,15.9825,-0.1564,0.8300,0.6736
1988-07-01,16.0324,16.2288,-0.1964,0.8000,0.6036
1988-08-01,15.9452,16.1110,-0.1658,0.8000,0.6342
1988-09-01,15.2591,15.4456,-0.1866,0.8100,0.6234
1988-10-01,14.0949,14.4461,-0.3512,0.8500,0.4988
1988-11-01,12.8015,13.3701,-0.5686,0.8900,0.3214
1988-12-01,12.2959,12.6653,-0.3694,0.9300,0.5606
1989-01-01,11.8458,12.4422,-0.5963,0.9600,0.3637
1989-02-01,12.3927,12.7304,-0.3377,0.9600,0.6223
1989-03-01,13.0518,13.4098,-0.3580,0.9500,0.5920
1989-04-01,14.0467,14.3622,-0.3155,0.9100,0.5945
1989-05-01,14.8544,15.2619,-0.4075,0.8700,0.4625
1989-06-01,15.5766,15.9825,-0.4058,0.8300,0.4242
1989-07-01,15.9919,16.2288,-0.2369,0.8000,0.5631
1989-08-01,15.7901,16.1110,-0.3209,0.8000,0.4791
1989-09-01,15.1634,15.4456,-0.2822,0.8100,0.5278
1989-10-01,14.0716,14.4461,-0.3745,0.8500,0.4755
1989-11-01,12.8804,13.3701,-0.4897,0.8900,0.4003
1989-12-01,12.4256,12.6653,-0.2397,0.9300,0.6903
1990-01-01,12.2119,12.4422,-0.2303,0.9600,0.7297
1990-02-01,12.4545,12.7304,-0.2759,0.9600,0.6841
1990-03-01,13.4819,13.4098,0.0721,0.9500,1.0221
1990-04-01,14.3092,14.3622,-0.0530,0.9100,0.8570
1990-05-01,15.2451,15.2619,-0.0168,0.8700,0.8532
1990-06-01,15.7985,15.9825,-0.1840,0.8300,0.6460
1990-07-01,16.1516,16.2288,-0.0772,0.8000,0.7228
1990-08-01,15.9456,16.1110,-0.1654,0.8000,0.6346
1990-09-01,15.2158,15.4456,-0.2299,0.8100,0.5801
1990-10-01,14.2882,14.4461,-0.1579,0.8500,0.6921
1990-11-01,13.2500,13.3701,-0.1201,0.8900,0.7699
1990-12-01,12.5160,12.6653,-0.1493,0.9300,0.7807
1991-01-01,12.2761,12.4422,-0.1660,0.9600,0.7940
1991-02-01,12.6068,12.7304,-0.1236,0.9600,0.8364
1991-03-01,13.1562,13.4098,-0.2536,0.9500,0.6964
1991-04-01,14.2389,14.3622,-0.1233,0.9100,0.7867
1991-05-01,15.0849,15.2619,-0.1770,0.8700,0.6930
1991-06-01,16.0108,15.9825,0.0283,0.8300,0.8583
1991-07-01,16.1818,16.2288,-0.0470,0.8000,0.7530
1991-08-01,15.9720,16.1110,-0.1390,0.8000,0.6610
1991-09-01,15.2445,15.4456,-0.2012,0.8100,0.6088
1991-10-01,14.0981,14.4461,-0.3480,0.8500,0.5020
1991-11-01,13.0122,13.3701,-0.3579,0.8900,0.5321
1991-12-01,12.3285,12.6653,-0.3367,0.9300,0.5933
1992-01-01,12.2317,12.4422,-0.2105,0.9600,0.7495
1992-02-01,12.4788,12.7304,-0.2516,0.9600,0.7084
1992-03-01,13.1620,13.4098,-0.2478,0.9500,0.7022
1992-04-01,13.9421,14.3622,-0.4201,0.9100,0.4899
1992-05-01,14.9230,15.2619,-0.3389,0.8700,0.5311
1992-06-01,15.6602,15.9825,-0.3223,0.8300,0.5077
1992-07-01,15.7678,16.2288,-0.4610,0.8000,0.3390
1992-08-01,15.6235,16.1110,-0.4875,0.8000,0.3125
1992-09-01,14.8372,15.4456,-0.6084,0.8100,0.2016
1992-10-01,13.8450,14.4461,-0.6011,0.8500,0.2489
1992-11-01,12.7526,13.3701,-0.6175,0.8900,0.2725
1992-12-01,12.2022,12.6653,-0.4631,0.9300,0.4669
1993-01-01,12.1343,12.4422,-0.3079,0.9600,0.6521
1993-02-01,12.4210,12.7304,-0.3094,0.9600,0.6506
1993-03-01,13.0454,13.4098,-0.3644,0.9500,0.5856
1993-04-01,14.0357,14.3622,-0.3265,0.9100,0.5835
1993-05-01,14.9664,15.2619,-0.2955,0.8700,0.5745
1993-06-01,15.6803,15.9825,-0.3022,0.8300,0.5278
1993-07-01,15.8791,16.2288,-0.3497,0.8000,0.4503
1993-08-01,15.7272,16.1110,-0.3838,0.8000,0.4162
1993-09-01,14.9297,15.4456,-0.5159,0.8100,0.2941
1993-10-01,14.0162,14.4461,-0.4299,0.8500,0.4201
1993-11-01,12.8279,13.3701,-0.5422,0.8900,0.3478
1993-12-01,12.3127,12.6653,-0.3526,0.9300,0.5774
1994-01-01,12.0464,12.4422,-0.3958,0.9600,0.5642
1994-02-01,12.0932,12.7304,-0.6372,0.9600,0.3228
1994-03-01,12.9907,13.4098,-0.4192,0.9500,0.5308
1994-04-01,14.0811,14.3622,-0.2811,0.9100,0.6289
1994-05-01,14.9132,15.2619,-0.3487,0.8700,0.5213
1994-06-01,15.7289,15.9825,-0.2536,0.8300,0.5764
1994-07-01,15.9544,16.2288,-0.2744,0.8000,0.5256
1994-08-01,15.7273,16.1110,-0.3837,0.8000,0.4163
1994-09-01,15.2076,15.4456,-0.2380,0.8100,0.5720
1994-10-01,14.1544,14.4461,-0.2917,0.8500,0.5583
1994-11-01,13.1210,13.3701,-0.2491,0.8900,0.6409
1994-12-01,12.3935,12.6653,-0.2718,0.9300,0.6582
1995-01-01,12.3129,12.4422,-0.1293,0.9600,0.8307
1995-02-01,12.7949,12.7304,0.0644,0.9600,1.0244
1995-03-01,13.1733,13.4098,-0.2365,0.9500,0.7135
1995-04-01,14.2423,14.3622,-0.1199,0.9100,0.7901
1995-05-01,15.0265,15.2619,-0.2354,0.8700,0.6346
1995-06-01,15.8968,15.9825,-0.0857,0.8300,0.7443
1995-07-01,16.1251,16.2288,-0.1037,0.8000,0.6963
1995-08-01,16.0047,16.1110,-0.1063,0.8000,0.6937
1995-09-01,15.2457,15.4456,-0.1999,0.8100,0.6101
1995-10-01,14.2515,14.4461,-0.1946,0.8500,0.6554
1995-11-01,13.1462,13.3701,-0.2239,0.8900,0.6661
1995-12-01,12.3250,12.6653,-0.3402,0.9300,0.5898
1996-01-01,12.0824,12.4422,-0.3597,0.9600,0.6003
1996-02-01,12.5074,12.7304,-0.2230,0.9600,0.7370
1996-03-01,13.0987,13.4098,-0.3111,0.9500,0.6389
1996-04-01,14.0172,14.3622,-0.3450,0.9100,0.5650
1996-05-01,14.8944,15.2619,-0.3675,0.8700,0.5025
1996-06-01,15.6671,15.9825,-0.3154,0.8300,0.5146
1996-07-01,16.0226,16.2288,-0.2062,0.8000,0.5938
1996-08-01,16.0001,16.1110,-0.1110,0.8000,0.6890
1996-09-01,15.1188,15.4456,-0.3268,0.8100,0.4832
1996-10-01,14.0061,14.4461,-0.4400,0.8500,0.4100
1996-11-01,13.1509,13.3701,-0.2192,0.8900,0.6708
1996-12-01,12.4196,12.6653,-0.2457,0.9300,0.6843
1997-01-01,12.0727,12.4422,-0.3695,0.9600,0.5905
1997-02-01,12.4151,12.7304,-0.3153,0.9600,0.6447
1997-03-01,13.2389,13.4098,-0.1709,0.9500,0.7791
1997-04-01,14.0337,14.3622,-0.3285,0.9100,0.5815
1997-05-01,15.0092,15.2619,-0.2527,0.8700,0.6173
1997-06-01,15.9028,15.9825,-0.0797,0.8300,0.7503
1997-07-01,16.0569,16.2288,-0.1719,0.8000,0.6281
1997-08-01,15.9776,16.1110,-0.1334,0.8000,0.6666
1997-09-01,15.3817,15.4456,-0.0640,0.8100,0.7460
1997-10-01,14.3935,14.4461,-0.0526,0.8500,0.7974
1997-11-01,13.3521,13.3701,-0.0180,0.8900,0.8720
1997-12-01,12.6176,12.6653,-0.0476,0.9300,0.8824
1998-01-01,12.3940,12.4422,-0.0482,0.9600,0.9118
1998-02-01,12.8837,12.7304,0.1533,0.9600,1.1133
1998-03-01,13.3737,13.4098,-0.0361,0.9500,0.9139
1998-04-01,14.4825,14.3622,0.1203,0.9100,1.0303
1998-05-01,15.4399,15.2619,0.1780,0.8700,1.0480
1998-06-01,16.1661,15.9825,0.1836,0.8300,1.0136
1998-07-01,16.3508,16.2288,0.1220,0.8000,0.9220
1998-08-01,16.2530,16.1110,0.1420,0.8000,0.9420
1998-09-01,15.3936,15.4456,-0.0521,0.8100,0.7579
1998-10-01,14.2687,14.4461,-0.1774,0.8500,0.6726
1998-11-01,13.1314,13.3701,-0.2387,0.8900,0.6513
1998-12-01,12.5781,12.6653,-0.0871,0.9300,0.8429
1999-01-01,12.2150,12.4422,-0.2272,0.9600,0.7328
1999-02-01,12.6815,12.7304,-0.0489,0.9600,0.9111
1999-03-01,13.0183,13.4098,-0.3915,0.9500,0.5585
1999-04-01,14.0581,14.3622,-0.3041,0.9100,0.6059
1999-05-01,14.9643,15.2619,-0.2976,0.8700,0.5724
1999-06-01,15.7507,15.9825,-0.2318,0.8300,0.5982
1999-07-01,16.0270,16.2288,-0.2018,0.8000,0.5982
1999-08-01,15.8740,16.1110,-0.2370,0.8000,0.5630
1999-09-01,15.2457,15.4456,-0.2000,0.8100,0.6100
1999-10-01,14.1450,14.4461,-0.3011,0.8500,0.5489
1999-11-01,13.0674,13.3701,-0.3027,0.8900,0.5873
1999-12-01,12.4419,12.6653,-0.2233,0.9300,0.7067
2000-01-01,12.0524,12.4422,-0.3898,0.9600,0.5702
2000-02-01,12.5930,12.7304,-0.1374,0.9600,0.8226
2000-03-01,13.1906,13.4098,-0.2192,0.9500,0.7308
2000-04-01,14.2789,14.3622,-0.0833,0.9100,0.8267
2000-05-01,15.0410,15.2619,-0.2209,0.8700,0.6491
2000-06-01,15.7389,15.9825,-0.2436,0.8300,0.5864
2000-07-01,15.9912,16.2288,-0.2376,0.8000,0.5624
2000-08-01,15.9365,16.1110,-0.1745,0.8000,0.6255
2000-09-01,15.2076,15.4456,-0.2380,0.8100,0.5720
2000-10-01,14.0507,14.4461,-0.3954,0.8500,0.4546
2000-11-01,13.0239,13.3701,-0.3462,0.8900,0.5438
2000-12-01,12.3233,12.6653,-0.3420,0.9300,0.5880
2001-01-01,12.2122,12.4422,-0.2300,0.9600,0.7300
2001-02-01,12.4468,12.7304,-0.2836,0.9600,0.6764
2001-03-01,13.2500,13.4098,-0.1598,0.9500,0.7902
2001-04-01,14.2082,14.3622,-0.1540,0.9100,0.7560
2001-05-01,15.2158,15.2619,-0.0461,0.8700,0.8239
2001-06-01,15.8719,15.9825,-0.1106,0.8300,0.7194
2001-07-01,16.2085,16.2288,-0.0203,0.8000,0.7797
2001-08-01,16.0606,16.1110,-0.0504,0.8000,0.7496
2001-09-01,15.3682,15.4456,-0.0774,0.8100,0.7326
2001-10-01,14.3404,14.4461,-0.1057,0.8500,0.7443
2001-11-01,13.4701,13.3701,0.1000,0.8900,0.9900
2001-12-01,12.6956,12.6653,0.0303,0.9300,0.9603
2002-01-01,12.5372,12.4422,0.0950,0.9600,1.0550
2002-02-01,12.7214,12.7304,-0.0090,0.9600,0.9510
2002-03-01,13.6001,13.4098,0.1903,0.9500,1.1403
2002-04-01,14.2980,14.3622,-0.0642,0.9100,0.8458
2002-05-01,15.3416,15.2619,0.0797,0.8700,0.9497
2002-06-01,16.0061,15.9825,0.0236,0.8300,0.8536
2002-07-01,16.2629,16.2288,0.0342,0.8000,0.8342
2002-08-01,16.0650,16.1110,-0.0460,0.8000,0.7540
2002-09-01,15.4516,15.4456,0.0059,0.8100,0.8159
2002-10-01,14.3655,14.4461,-0.0806,0.8500,0.7694
2002-11-01,13.3158,13.3701,-0.0543,0.8900,0.8357
2002-12-01,12.5433,12.6653,-0.1220,0.9300,0.8080
2003-01-01,12.5485,12.4422,0.1063,0.9600,1.0663
2003-02-01,12.6420,12.7304,-0.0884,0.9600,0.8716
2003-03-01,13.2431,13.4098,-0.1667,0.9500,0.7833
2003-04-01,14.2416,14.3622,-0.1206,0.9100,0.7894
2003-05-01,15.2479,15.2619,-0.0140,0.8700,0.8560
2003-06-01,15.8441,15.9825,-0.1384,0.8300,0.6916
2003-07-01,16.1818,16.2288,-0.0470,0.8000,0.7530
2003-08-01,16.1575,16.1110,0.0465,0.8000,0.8465
2003-09-01,15.5202,15.4456,0.0745,0.8100,0.8845
2003-10-01,14.5504,14.4461,0.1044,0.8500,0.9544
2003-11-01,13.3330,13.3701,-0.0371,0.8900,0.8529
2003-12-01,12.8428,12.6653,0.1775,0.9300,1.1075
2004-01-01,12.4002,12.4422,-0.0420,0.9600,0.9180
2004-02-01,12.7566,12.7304,0.0262,0.9600,0.9862
2004-03-01,13.3980,13.4098,-0.0119,0.9500,0.9381
2004-04-01,14.3473,14.3622,-0.0150,0.9100,0.8950
2004-05-01,15.0513,15.2619,-0.2106,0.8700,0.6594
2004-06-01,15.8895,15.9825,-0.0930,0.8300,0.7370
2004-07-01,15.9531,16.2288,-0.2756,0.8000,0.5244
2004-08-01,15.9500,16.1110,-0.1610,0.8000,0.6390
2004-09-01,15.4063,15.4456,-0.0394,0.8100,0.7706
2004-10-01,14.4531,14.4461,0.0070,0.8500,0.8570
2004-11-01,13.4416,13.3701,0.0715,0.8900,0.9615
2004-12-01,12.5698,12.6653,-0.0955,0.9300,0.8345
2005-01-01,12.5895,12.4422,0.1473,0.9600,1.1073
2005-02-01,12.7355,12.7304,0.0051,0.9600,0.9651
2005-03-01,13.4976,13.4098,0.0878,0.9500,1.0378
2005-04-01,14.4321,14.3622,0.0699,0.9100,0.9799
2005-05-01,15.3312,15.2619,0.0693,0.8700,0.9393
2005-06-01,16.0594,15.9825,0.0769,0.8300,0.9069
2005-07-01,16.3143,16.2288,0.0855,0.8000,0.8855
2005-08-01,16.1412,16.1110,0.0302,0.8000,0.8302
2005-09-01,15.5760,15.4456,0.1304,0.8100,0.9404
2005-10-01,14.6183,14.4461,0.1722,0.8500,1.0222
2005-11-01,13.5019,13.3701,0.1318,0.8900,1.0218
2005-12-01,12.7666,12.6653,0.1013,0.9300,1.0313
2006-01-01,12.3982,12.4422,-0.0440,0.9600,0.9160
2006-02-01,12.8189,12.7304,0.0885,0.9600,1.0485
2006-03-01,13.3977,13.4098,-0.0121,0.9500,0.9379
2006-04-01,14.2917,14.3622,-0.0705,0.9100,0.8395
2006-05-01,15.1899,15.2619,-0.0720,0.8700,0.7980
2006-06-01,16.0641,15.9825,0.0816,0.8300,0.9116
2006-07-01,16.2323,16.2288,0.0035,0.8000,0.8035
2006-08-01,16.1825,16.1110,0.0715,0.8000,0.8715
2006-09-01,15.4945,15.4456,0.0488,0.8100,0.8588
2006-10-01,14.5843,14.4461,0.1382,0.8500,0.9882
2006-11-01,13.4715,13.3701,0.1014,0.8900,0.9914
2006-12-01,12.8608,12.6653,0.1955,0.9300,1.1255
2007-01-01,12.8052,12.4422,0.3630,0.9600,1.3230
2007-02-01,12.8175,12.7304,0.0871,0.9600,1.0471
2007-03-01,13.4099,13.4098,0.0000,0.9500,0.9500
2007-04-01,14.5354,14.3622,0.1731,0.9100,1.0831
2007-05-01,15.3455,15.2619,0.0836,0.8700,0.9536
2007-06-01,15.9591,15.9825,-0.0234,0.8300,0.8066
2007-07-01,16.2353,16.2288,0.0065,0.8000,0.8065
2007-08-01,16.0928,16.1110,-0.0182,0.8000,0.7818
2007-09-01,15.3565,15.4456,-0.0891,0.8100,0.7209
2007-10-01,14.4324,14.4461,-0.0137,0.8500,0.8363
2007-11-01,13.3317,13.3701,-0.0384,0.8900,0.8516
2007-12-01,12.5762,12.6653,-0.0890,0.9300,0.8410
2008-01-01,12.1139,12.4422,-0.3283,0.9600,0.6317
2008-02-01,12.4088,12.7304,-0.3216,0.9600,0.6384
2008-03-01,13.4279,13.4098,0.0181,0.9500,0.9681
2008-04-01,14.2350,14.3622,-0.1272,0.9100,0.7828
2008-05-01,15.1564,15.2619,-0.1055,0.8700,0.7645
2008-06-01,15.7845,15.9825,-0.1980,0.8300,0.6320
2008-07-01,16.2055,16.2288,-0.0233,0.8000,0.7767
2008-08-01,16.0326,16.1110,-0.0785,0.8000,0.7215
2008-09-01,15.4162,15.4456,-0.0294,0.8100,0.7806
2008-10-01,14.4835,14.4461,0.0374,0.8500,0.8874
2008-11-01,13.4219,13.3701,0.0518,0.8900,0.9418
2008-12-01,12.6215,12.6653,-0.0437,0.9300,0.8863
2009-01-01,12.5017,12.4422,0.0595,0.9600,1.0195
2009-02-01,12.6948,12.7304,-0.0356,0.9600,0.9244
2009-03-01,13.2879,13.4098,-0.1219,0.9500,0.8281
2009-04-01,14.3016,14.3622,-0.0606,0.9100,0.8494
2009-05-01,15.2576,15.2619,-0.0043,0.8700,0.8657
2009-06-01,15.9873,15.9825,0.0048,0.8300,0.8348
2009-07-01,16.3666,16.2288,0.1379,0.8000,0.9379
2009-08-01,16.1568,16.1110,0.0458,0.8000,0.8458
2009-09-01,15.5501,15.4456,0.1044,0.8100,0.9144
2009-10-01,14.5264,14.4461,0.0803,0.8500,0.9303
2009-11-01,13.5114,13.3701,0.1413,0.8900,1.0313
2009-12-01,12.7336,12.6653,0.0683,0.9300,0.9983
2010-01-01,12.6357,12.4422,0.1935,0.9600,1.1535
2010-02-01,12.9517,12.7304,0.2213,0.9600,1.1813
2010-03-01,13.6781,13.4098,0.2683,0.9500,1.2183
2010-04-01,14.6141,14.3622,0.2519,0.9100,1.1619
2010-05-01,15.4600,15.2619,0.1981,0.8700,1.0681
2010-06-01,16.0695,15.9825,0.0870,0.8300,0.9170
2010-07-01,16.2809,16.2288,0.0521,0.8000,0.8521
2010-08-01,16.1577,16.1110,0.0467,0.8000,0.8467
2010-09-01,15.5454,15.4456,0.0997,0.8100,0.9097
2010-10-01,14.5627,14.4461,0.1167,0.8500,0.9667
2010-11-01,13.5043,13.3701,0.1342,0.8900,1.0242
2010-12-01,12.5638,12.6653,-0.1015,0.9300,0.8285
2011-01-01,12.3516,12.4422,-0.0906,0.9600,0.8694
2011-02-01,12.5536,12.7304,-0.1768,0.9600,0.7832
2011-03-01,13.3506,13.4098,-0.0592,0.9500,0.8908
2011-04-01,14.3753,14.3622,0.0131,0.9100,0.9231
2011-05-01,15.2199,15.2619,-0.0420,0.8700,0.8280
2011-06-01,16.0033,15.9825,0.0209,0.8300,0.8509
2011-07-01,16.3720,16.2288,0.1432,0.8000,0.9432
2011-08-01,16.2223,16.1110,0.1113,0.8000,0.9113
2011-09-01,15.4937,15.4456,0.0481,0.8100,0.8581
2011-10-01,14.4760,14.4461,0.0299,0.8500,0.8799
2011-11-01,13.2759,13.3701,-0.0942,0.8900,0.7958
2011-12-01,12.6275,12.6653,-0.0378,0.9300,0.8922
2012-01-01,12.2765,12.4422,-0.1657,0.9600,0.7943
2012-02-01,12.5506,12.7304,-0.1798,0.9600,0.7802
2012-03-01,13.2729,13.4098,-0.1369,0.9500,0.8131
2012-04-01,14.4160,14.3622,0.0538,0.9100,0.9638
2012-05-01,15.4351,15.2619,0.1732,0.8700,1.0432
2012-06-01,16.1023,15.9825,0.1199,0.8300,0.9499
2012-07-01,16.2692,16.2288,0.0404,0.8000,0.8404
2012-08-01,16.1879,16.1110,0.0769,0.8000,0.8769
2012-09-01,15.5593,15.4456,0.1136,0.8100,0.9236
2012-10-01,14.6655,14.4461,0.2195,0.8500,1.0695
2012-11-01,13.5664,13.3701,0.1963,0.8900,1.0863
2012-12-01,12.6334,12.6653,-0.0318,0.9300,0.8982
2013-01-01,12.5888,12.4422,0.1466,0.9600,1.1066
2013-02-01,12.7452,12.7304,0.0148,0.9600,0.9748
2013-03-01,13.4331,13.4098,0.0233,0.9500,0.9733
2013-04-01,14.3253,14.3622,-0.0370,0.9100,0.8730
2013-05-01,15.2831,15.2619,0.0212,0.8700,0.8912
2013-06-01,16.0903,15.9825,0.1079,0.8300,0.9379
2013-07-01,16.2039,16.2288,-0.0249,0.8000,0.7751
2013-08-01,16.1662,16.1110,0.0552,0.8000,0.8552
2013-09-01,15.6160,15.4456,0.1704,0.8100,0.9804
2013-10-01,14.4978,14.4461,0.0517,0.8500,0.9017
2013-11-01,13.5202,13.3701,0.1501,0.8900,1.0401
2013-12-01,12.7921,12.6653,0.1268,0.9300,1.0568
2014-01-01,12.5690,12.4422,0.1268,0.9600,1.0868
2014-02-01,12.6338,12.7304,-0.0966,0.9600,0.8634
2014-03-01,13.4998,13.4098,0.0900,0.9500,1.0400
2014-04-01,14.4712,14.3622,0.1089,0.9100,1.0189
2014-05-01,15.4450,15.2619,0.1831,0.8700,1.0531
2014-06-01,16.0550,15.9825,0.0725,0.8300,0.9025
2014-07-01,16.2947,16.2288,0.0659,0.8000,0.8659
2014-08-01,16.2474,16.1110,0.1364,0.8000,0.9364
2014-09-01,15.6308,15.4456,0.1851,0.8100,0.9951
2014-10-01,14.6099,14.4461,0.1639,0.8500,1.0139
2014-11-01,13.4216,13.3701,0.0515,0.8900,0.9415
2014-12-01,12.8536,12.6653,0.1884,0.9300,1.1184
2015-01-01,12.6345,12.4422,0.1923,0.9600,1.1523
2015-02-01,12.9283,12.7304,0.1979,0.9600,1.1579
2015-03-01,13.6378,13.4098,0.2280,0.9500,1.1780
2015-04-01,14.4182,14.3622,0.0559,0.9100,0.9659
2015-05-01,15.4382,15.2619,0.1763,0.8700,1.0463
2015-06-01,16.1691,15.9825,0.1867,0.8300,1.0167
2015-07-01,16.3826,16.2288,0.1538,0.8000,0.9538
2015-08-01,16.3536,16.1110,0.2426,0.8000,1.0426
2015-09-01,15.7132,15.4456,0.2676,0.8100,1.0776
2015-10-01,14.8876,14.4461,0.4415,0.8500,1.2915
2015-11-01,13.7563,13.3701,0.3862,0.8900,1.2762
2015-12-01,13.2047,12.6653,0.5394,0.9300,1.4694
2016-01-01,12.9930,12.4422,0.5509,0.9600,1.5109
2016-02-01,13.4173,12.7304,0.6868,0.9600,1.6468
2016-03-01,14.0350,13.4098,0.6251,0.9500,1.5751
2016-04-01,14.8912,14.3622,0.5290,0.9100,1.4390
2016-05-01,15.6769,15.2619,0.4150,0.8700,1.2850
2016-06-01,16.2441,15.9825,0.2616,0.8300,1.0916
2016-07-01,16.5895,16.2288,0.3607,0.8000,1.1607
2016-08-01,16.5126,16.1110,0.4016,0.8000,1.2016
2016-09-01,15.8041,15.4456,0.3584,0.8100,1.1684
2016-10-01,14.7880,14.4461,0.3419,0.8500,1.1919
2016-11-01,13.7753,13.3701,0.4052,0.8900,1.2952
2016-12-01,13.0007,12.6653,0.3355,0.9300,1.2655
2017-01-01,12.8455,12.4422,0.4033,0.9600,1.3633
2017-02-01,13.2290,12.7304,0.4986,0.9600,1.4586
2017-03-01,13.9087,13.4098,0.4989,0.9500,1.4489
2017-04-01,14.6899,14.3622,0.3277,0.9100,1.2377
2017-05-01,15.6342,15.2619,0.3723,0.8700,1.2423
2017-06-01,16.1848,15.9825,0.2023,0.8300,1.0323
2017-07-01,16.4945,16.2288,0.2658,0.8000,1.0658
2017-08-01,16.4073,16.1110,0.2963,0.8000,1.0963
2017-09-01,15.7259,15.4456,0.2803,0.8100,1.0903
2017-10-01,14.8057,14.4461,0.3596,0.8500,1.2096
2017-11-01,13.6184,13.3701,0.2483,0.8900,1.1383
2017-12-01,13.0371,12.6653,0.3718,0.9300,1.3018
2018-01-01,12.6827,12.4422,0.2405,0.9600,1.2005
2018-02-01,12.9921,12.7304,0.2617,0.9600,1.2217
2018-03-01,13.6823,13.4098,0.2725,0.9500,1.2225
2018-04-01,14.6668,14.3622,0.3046,0.9100,1.2146
2018-05-01,15.5134,15.2619,0.2515,0.8700,1.1215
2018-06-01,16.2079,15.9825,0.2254,0.8300,1.0554
2018-07-01,16.5073,16.2288,0.2785,0.8000,1.0785
2018-08-01,16.3198,16.1110,0.2088,0.8000,1.0088
2018-09-01,15.6458,15.4456,0.2001,0.8100,1.0101
2018-10-01,14.8010,14.4461,0.3549,0.8500,1.2049
2018-11-01,13.6087,13.3701,0.2386,0.8900,1.1286
2018-12-01,12.9962,12.6653,0.3310,0.9300,1.2610
2019-01-01,12.7263,12.4422,0.2841,0.9600,1.2441
2019-02-01,13.0379,12.7304,0.3075,0.9600,1.2675
2019-03-01,13.9173,13.4098,0.5074,0.9500,1.4574
2019-04-01,14.7989,14.3622,0.4366,0.9100,1.3466
2019-05-01,15.6184,15.2619,0.3565,0.8700,1.2265
2019-06-01,16.3515,15.9825,0.3690,0.8300,1.1990
2019-07-01,16.6258,16.2288,0.3970,0.8000,1.1970
2019-08-01,16.4674,16.1110,0.3564,0.8000,1.1564
2019-09-01,15.8251,15.4456,0.3794,0.8100,1.1894
2019-10-01,14.8995,14.4461,0.4534,0.8500,1.3034
2019-11-01,13.7753,13.3701,0.4052,0.8900,1.2952
2019-12-01,13.2047,12.6653,0.5394,0.9300,1.4694
2020-01-01,13.0231,12.4422,0.5810,0.9600,1.5410
2020-02-01,13.3286,12.7304,0.5982,0.9600,1.5582
2020-03-01,13.8967,13.4098,0.4869,0.9500,1.4369
2020-04-01,14.8819,14.3622,0.5197,0.9100,1.4297
2020-05-01,15.7276,15.2619,0.4657,0.8700,1.3357
2020-06-01,16.3431,15.9825,0.3606,0.8300,1.1906
2020-07-01,16.5542,16.2288,0.3254,0.8000,1.1254
2020-08-01,16.3781,16.1110,0.2671,0.8000,1.0671
2020-09-01,15.8799,15.4456,0.4342,0.8100,1.2442
2020-10-01,14.8223,14.4461,0.3762,0.8500,1.2262
2020-11-01,13.9075,13.3701,0.5374,0.8900,1.4274
2020-12-01,12.9002,12.6653,0.2350,0.9300,1.1650
2021-01-01,12.6852,12.4422,0.2430,0.9600,1.2030
2021-02-01,12.7897,12.7304,0.0593,0.9600,1.0193
2021-03-01,13.5986,13.4098,0.1888,0.9500,1.1388
2021-04-01,14.5522,14.3622,0.1900,0.9100,1.1000
2021-05-01,15.5190,15.2619,0.2571,0.8700,1.1271
2021-06-01,16.1954,15.9825,0.2129,0.8300,1.0429
2021-07-01,16.5597,16.2288,0.3309,0.8000,1.1309
2021-08-01,16.4225,16.1110,0.3115,0.8000,1.1115
2021-09-01,15.8477,15.4456,0.4021,0.8100,1.2121
2021-10-01,14.8677,14.4461,0.4216,0.8500,1.2716
2021-11-01,13.7164,13.3701,0.3463,0.8900,1.2363
2021-12-01,12.9875,12.6653,0.3222,0.9300,1.2522
2022-01-01,12.7192,12.4422,0.2771,0.9600,1.2371
2022-02-01,12.9592,12.7304,0.2288,0.9600,1.1888
2022-03-01,13.8030,13.4098,0.3932,0.9500,1.3432
2022-04-01,14.6449,14.3622,0.2827,0.9100,1.1927
2022-05-01,15.5174,15.2619,0.2555,0.8700,1.1255
2022-06-01,16.2908,15.9825,0.3083,0.8300,1.1383
2022-07-01,16.6063,16.2288,0.3775,0.8000,1.1775
2022-08-01,16.4071,16.1110,0.2960,0.8000,1.0960
2022-09-01,15.7958,15.4456,0.3501,0.8100,1.1601
2022-10-01,14.8553,14.4461,0.4092,0.8500,1.2592
2022-11-01,13.5326,13.3701,0.1625,0.8900,1.0525
2022-12-01,12.9360,12.6653,0.2707,0.9300,1.2007
2023-01-01,12.6885,12.4422,0.2463,0.9600,1.2063
2023-02-01,13.0221,12.7304,0.2917,0.9600,1.2517
2023-03-01,13.9206,13.4098,0.5108,0.9500,1.4608
2023-04-01,14.6822,14.3622,0.3200,0.9100,1.2300
2023-05-01,15.6569,15.2619,0.3950,0.8700,1.2650
2023-06-01,16.5141,15.9825,0.5316,0.8300,1.3616
2023-07-01,16.9532,16.2288,0.7244,0.8000,1.5244
2023-08-01,16.8209,16.1110,0.7099,0.8000,1.5099
2023-09-01,16.3770,15.4456,0.9313,0.8100,1.7413
2023-10-01,15.2962,14.4461,0.8501,0.8500,1.7001
2023-11-01,14.2242,13.3701,0.8541,0.8900,1.7441
2023-12-01,13.5103,12.6653,0.8450,0.9300,1.7750
2024-01-01,13.1401,12.4422,0.6980,0.9600,1.6580
2024-02-01,13.5397,12.7304,0.8093,0.9600,1.7693
2024-03-01,14.1371,13.4098,0.7273,0.9500,1.6773
2024-04-01,15.0319,14.3622,0.6696,0.9100,1.5796
2024-05-01,15.9135,15.2619,0.6516,0.8700,1.5216
2024-06-01,16.6571,15.9825,0.6747,0.8300,1.5047
2024-07-01,16.9078,16.2288,0.6790,0.8000,1.4790
2024-08-01,16.8224,16.1110,0.7114,0.8000,1.5114
2024-09-01,16.1743,15.4456,0.7286,0.8100,1.5386
2024-10-01,15.2453,14.4461,0.7992,0.8500,1.6492
2024-11-01,14.0985,13.3701,0.7284,0.8900,1.6184
2024-12-01,13.4239,12.6653,0.7586,0.9300,1.6886
2025-01-01,13.2288,12.4422,0.7867,0.9600,1.7467
2025-02-01,13.3568,12.7304,0.6263,0.9600,1.5863
2025-03-01,14.0592,13.4098,0.6493,0.9500,1.5993
2025-04-01,14.9628,14.3622,0.6006,0.9100,1.5106
2025-05-01,15.7923,15.2619,0.5304,0.8700,1.4004
2025-06-01,16.4569,15.9825,0.4744,0.8300,1.3044
2025-07-01,16.6779,16.2288,0.4491,0.8000,1.2491
2025-08-01,16.6013,16.1110,0.4903,0.8000,1.2903
2025-09-01,16.1085,15.4456,0.6629,0.8100,1.4729
2025-10-01,15.1415,14.4461,0.6954,0.8500,1.5454
2025-11-01,14.0193,13.3701,0.6492,0.8900,1.5392
2025-12-01,13.1518,12.6653,0.4865,0.9300,1.4165
2026-01-01,12.9531,12.4422,0.5109,0.9600,1.4709
2026-02-01,13.2611,12.7304,0.5307,0.9600,1.4907
2026-03-01,13.9401,13.4098,0.5303,0.9500,1.4803
2026-04-01,14.8853,14.3622,0.5230,0.9100,1.4330
2026-05-01,15.8122,15.2619,0.5503,0.8700,1.4203
2026-06-01,16.5411,15.9825,0.5586,0.8300,1.3886
2026-07-01,16.8999,16.2288,0.6711,0.8000,1.4711
