=======================================================================================,
ECMWF ERA5 (0.5x0.5 deg),
Sea Surface Temperature Anomaly (deg C) (1991-2020),
Values averaged across Nino 3.4 (5S-5N; 190E-240E),
---------------------------------------------------------------------------------------,
This file was generated using Climate Reanalyzer (https://ClimateReanalyzer.org),
Climate Change Institute; University of Maine; USA (https://climatechange.umaine.edu),
=======================================================================================,
time,sst
194001,0.797
194002,1.097
194003,1.169
194004,0.581
194005,1.482
194006,1.248
194007,1.224
194008,1.332
194009,0.795
194010,0.307
194011,0.918
194012,1.137
194101,1.583
194102,1.827
194103,1.686
194104,1.725
194105,1.122
194106,0.971
194107,0.948
194108,0.902
194109,0.735
194110,0.797
194111,1.250
194112,1.189
194201,0.916
194202,0.558
194203,0.112
194204,0.183
194205,-0.189
194206,-0.359
194207,-0.755
194208,-1.429
194209,-1.521
194210,-1.469
194211,-1.798
194212,-1.592
194301,-1.472
194302,-1.230
194303,-1.541
194304,-1.161
194305,-0.586
194306,-0.096
194307,-0.162
194308,-0.238
194309,-0.319
194310,-0.963
194311,-1.043
194312,-0.969
194401,-0.857
194402,-0.543
194403,0.073
194404,0.049
194405,0.023
194406,-0.103
194407,-0.157
194408,-0.174
194409,-0.446
194410,-0.675
194411,-0.674
194412,-0.631
194501,-0.591
194502,-0.606
194503,-0.828
194504,-0.804
194505,-0.682
194506,0.681
194507,-0.021
194508,-0.584
194509,-0.579
194510,-0.249
194511,-0.516
194512,-0.485
194601,-1.039
194602,-0.332
194603,-1.285
194604,-0.969
194605,-0.355
194606,-0.038
194607,0.122
194608,-0.399
194609,-0.453
194610,0.178
194611,0.160
194612,0.392
194701,0.598
194702,0.298
194703,0.027
194704,-0.546
194705,-0.717
194706,-0.687
194707,-0.257
194708,0.107
194709,-0.115
194710,-0.264
194711,-0.491
194712,0.242
194801,-0.176
194802,0.329
194803,0.267
194804,0.602
194805,0.189
194806,-0.048
194807,-0.197
194808,-0.164
194809,-0.253
194810,-1.016
194811,-0.668
194812,0.330
194901,-0.022
194902,0.872
194903,0.063
194904,-0.058
194905,0.252
194906,-0.158
194907,-0.172
194908,-0.272
194909,-0.911
194910,-0.632
194911,-0.968
194912,-1.035
195001,-0.868
195002,-1.004
195003,-0.855
195004,-0.965
195005,-0.653
195006,-0.601
195007,-0.780
195008,-0.710
195009,-1.164
195010,-0.901
195011,-0.991
195012,-0.589
195101,-0.887
195102,-0.391
195103,-0.511
195104,-0.019
195105,0.618
195106,0.369
195107,1.365
195108,0.904
195109,0.465
195110,0.961
195111,1.150
195112,1.353
195201,1.026
195202,0.954
195203,0.368
195204,0.635
195205,0.110
195206,-0.396
195207,-0.378
195208,-0.280
195209,-0.452
195210,-0.281
195211,-0.195
195212,0.295
195301,0.615
195302,0.552
195303,0.457
195304,0.431
195305,0.878
195306,0.458
195307,0.594
195308,0.569
195309,0.895
195310,0.407
195311,-0.058
195312,0.024
195401,0.502
195402,0.125
195403,-0.182
195404,-0.714
195405,-0.691
195406,-0.690
195407,-1.033
195408,-0.732
195409,-1.159
195410,-0.962
195411,-1.064
195412,-1.062
195501,-1.100
195502,-0.804
195503,-0.696
195504,-1.198
195505,-0.786
195506,-1.086
195507,-0.915
195508,-1.021
195509,-1.412
195510,-2.094
195511,-2.203
195512,-1.836
195601,-1.058
195602,-1.027
195603,-0.896
195604,-0.792
195605,-1.186
195606,-1.011
195607,-0.886
195608,-0.773
195609,-0.893
195610,-1.074
195611,-1.039
195612,-0.807
195701,-0.454
195702,-0.049
195703,0.468
195704,0.338
195705,1.257
195706,0.964
195707,0.885
195708,0.888
195709,0.942
195710,0.808
195711,0.825
195712,0.910
195801,1.646
195802,1.252
195803,0.969
195804,0.492
195805,0.678
195806,0.392
195807,0.283
195808,0.056
195809,-0.609
195810,-0.200
195811,-0.109
195812,-0.089
195901,0.576
195902,0.597
195903,0.675
195904,0.437
195905,0.654
195906,0.278
195907,-0.206
195908,0.033
195909,-0.594
195910,-0.069
195911,-0.547
195912,-0.100
196001,0.190
196002,-0.120
196003,0.200
196004,-0.181
196005,-0.019
196006,-0.152
196007,-0.064
196008,-0.146
196009,-0.232
196010,-0.178
196011,-0.435
196012,-0.177
196101,0.138
196102,0.144
196103,-0.310
196104,-0.463
196105,0.125
196106,-0.448
196107,-0.257
196108,-0.217
196109,-0.529
196110,-0.521
196111,-0.501
196112,-0.287
196201,-0.683
196202,-0.401
196203,-1.055
196204,-0.980
196205,-0.571
196206,-0.688
196207,-0.683
196208,-0.454
196209,-1.112
196210,-0.649
196211,-0.533
196212,-0.732
196301,-0.896
196302,-1.023
196303,-0.950
196304,-0.615
196305,-0.390
196306,-0.096
196307,0.209
196308,0.307
196309,0.099
196310,0.396
196311,0.616
196312,0.635
196401,0.719
196402,0.596
196403,-0.524
196404,-0.778
196405,-0.647
196406,-1.137
196407,-1.163
196408,-1.034
196409,-1.367
196410,-1.058
196411,-1.010
196412,-1.108
196501,-0.593
196502,-0.266
196503,-0.311
196504,0.190
196505,0.650
196506,0.541
196507,0.748
196508,1.001
196509,1.040
196510,1.574
196511,1.502
196512,1.523
196601,1.410
196602,1.275
196603,1.064
196604,0.608
196605,0.306
196606,0.598
196607,1.102
196608,0.281
196609,0.258
196610,0.067
196611,0.011
196612,0.323
196701,-0.237
196702,-0.315
196703,-0.347
196704,-0.093
196705,0.193
196706,0.222
196707,0.279
196708,-0.229
196709,-0.370
196710,-0.833
196711,-0.270
196712,-0.420
196801,-0.729
196802,-0.485
196803,-1.339
196804,-0.745
196805,-0.374
196806,-0.128
196807,0.093
196808,0.434
196809,0.367
196810,0.852
196811,1.051
196812,1.412
196901,1.685
196902,1.364
196903,0.693
196904,0.366
196905,0.704
196906,0.646
196907,0.187
196908,0.027
196909,-0.264
196910,-0.005
196911,0.299
196912,0.061
197001,0.059
197002,-0.193
197003,-0.512
197004,-0.398
197005,-0.208
197006,-0.519
197007,-1.235
197008,-1.101
197009,-1.298
197010,-1.164
197011,-1.599
197012,-1.676
197101,-1.472
197102,-1.638
197103,-1.886
197104,-1.277
197105,-1.139
197106,-1.276
197107,-0.572
197108,-0.571
197109,-1.126
197110,-1.140
197111,-1.200
197112,-1.163
197201,-0.814
197202,-0.301
197203,-0.416
197204,0.157
197205,0.567
197206,0.818
197207,1.494
197208,1.986
197209,1.708
197210,1.759
197211,1.718
197212,1.809
197301,1.777
197302,1.311
197303,0.761
197304,-0.201
197305,0.009
197306,-0.728
197307,-0.547
197308,-1.098
197309,-1.486
197310,-1.453
197311,-1.745
197312,-1.878
197401,-2.058
197402,-1.621
197403,-1.516
197404,-1.108
197405,-0.766
197406,-0.587
197407,-0.646
197408,-0.073
197409,-0.302
197410,-0.977
197411,-0.948
197412,-1.022
197501,-0.712
197502,-0.361
197503,-0.591
197504,-0.739
197505,-1.111
197506,-1.099
197507,-0.987
197508,-0.961
197509,-1.507
197510,-1.879
197511,-1.585
197512,-1.747
197601,-2.027
197602,-1.405
197603,-1.237
197604,-0.890
197605,-0.364
197606,0.043
197607,0.271
197608,0.275
197609,0.525
197610,0.292
197611,0.265
197612,0.184
197701,0.393
197702,0.175
197703,-0.306
197704,-0.652
197705,-0.350
197706,-0.112
197707,-0.118
197708,-0.268
197709,0.070
197710,0.071
197711,0.590
197712,0.344
197801,0.508
197802,0.547
197803,-0.240
197804,-0.647
197805,-0.707
197806,-0.709
197807,0.095
197808,-0.138
197809,-0.507
197810,-0.666
197811,-0.710
197812,-0.359
197901,-0.012
197902,0.124
197903,0.120
197904,0.228
197905,0.178
197906,-0.232
197907,-0.367
197908,0.134
197909,0.169
197910,-0.011
197911,-0.023
197912,0.308
198001,0.562
198002,0.329
198003,0.106
198004,0.121
198005,-0.039
198006,-0.084
198007,-0.473
198008,-0.526
198009,-0.204
198010,-0.405
198011,-0.359
198012,-0.400
198101,-1.073
198102,-1.205
198103,-0.892
198104,-0.919
198105,-0.699
198106,-0.751
198107,-0.499
198108,-0.604
198109,-0.474
198110,-0.552
198111,-0.492
198112,-0.309
198201,-0.210
198202,-0.139
198203,0.055
198204,0.516
198205,0.716
198206,0.858
198207,0.743
198208,1.172
198209,1.579
198210,2.035
198211,2.432
198212,2.665
198301,2.690
198302,2.090
198303,1.612
198304,0.976
198305,0.791
198306,0.450
198307,-0.271
198308,-0.443
198309,-0.449
198310,-0.835
198311,-1.091
198312,-1.023
198401,-0.648
198402,-0.550
198403,-0.671
198404,-0.539
198405,-0.528
198406,-1.084
198407,-0.720
198408,-0.456
198409,-0.284
198410,-0.862
198411,-1.328
198412,-1.282
198501,-1.038
198502,-0.821
198503,-0.780
198504,-0.923
198505,-0.797
198506,-0.724
198507,-0.693
198508,-0.385
198509,-0.554
198510,-0.472
198511,-0.517
198512,-0.518
198601,-0.865
198602,-0.786
198603,-0.625
198604,-0.458
198605,-0.427
198606,-0.150
198607,-0.080
198608,0.451
198609,0.580
198610,0.871
198611,1.028
198612,1.240
198701,1.386
198702,1.053
198703,1.158
198704,0.757
198705,0.797
198706,1.161
198707,1.351
198708,1.747
198709,1.544
198710,1.293
198711,1.132
198712,0.850
198801,0.776
198802,0.446
198803,-0.046
198804,-0.460
198805,-1.413
198806,-1.588
198807,-1.697
198808,-1.473
198809,-1.657
198810,-2.493
198811,-2.482
198812,-2.189
198901,-1.994
198902,-1.317
198903,-1.328
198904,-1.295
198905,-0.967
198906,-0.704
198907,-0.612
198908,-0.617
198909,-0.643
198910,-0.544
198911,-0.541
198912,-0.263
199001,-0.040
199002,0.035
199003,-0.101
199004,0.198
199005,0.137
199006,-0.036
199007,0.012
199008,0.211
199009,0.163
199010,0.179
199011,-0.013
199012,0.273
199101,0.536
199102,0.186
199103,-0.043
199104,0.130
199105,0.386
199106,0.833
199107,0.373
199108,0.309
199109,0.368
199110,0.882
199111,1.132
199112,1.560
199201,1.752
199202,1.750
199203,1.298
199204,1.111
199205,0.853
199206,0.231
199207,0.176
199208,-0.152
199209,-0.144
199210,-0.379
199211,-0.145
199212,0.210
199301,0.322
199302,0.218
199303,0.431
199304,0.563
199305,0.830
199306,0.611
199307,0.315
199308,0.093
199309,0.368
199310,0.317
199311,0.284
199312,0.208
199401,-0.142
199402,0.006
199403,0.032
199404,-0.050
199405,0.077
199406,0.223
199407,-0.023
199408,0.470
199409,0.307
199410,0.871
199411,1.189
199412,1.183
199501,0.845
199502,0.819
199503,0.250
199504,0.141
199505,-0.311
199506,-0.269
199507,-0.268
199508,-0.589
199509,-0.981
199510,-1.158
199511,-1.191
199512,-1.085
199601,-0.802
199602,-0.921
199603,-0.748
199604,-0.565
199605,-0.731
199606,-0.567
199607,-0.243
199608,-0.376
199609,-0.443
199610,-0.409
199611,-0.547
199612,-0.716
199701,-0.681
199702,-0.423
199703,-0.273
199704,0.107
199705,0.555
199706,1.099
199707,1.654
199708,1.981
199709,2.214
199710,2.538
199711,2.674
199712,2.781
199801,2.609
199802,2.216
199803,1.513
199804,0.844
199805,0.492
199806,-0.980
199807,-1.529
199808,-1.518
199809,-1.098
199810,-1.363
199811,-1.579
199812,-1.959
199901,-1.763
199902,-1.357
199903,-0.997
199904,-0.963
199905,-0.855
199906,-1.067
199907,-0.877
199908,-1.173
199909,-1.020
199910,-1.104
199911,-1.632
199912,-1.852
200001,-1.859
200002,-1.534
200003,-1.037
200004,-0.708
200005,-0.690
200006,-0.677
200007,-0.619
200008,-0.424
200009,-0.369
200010,-0.644
200011,-0.859
200012,-0.906
200101,-0.638
200102,-0.728
200103,-0.351
200104,-0.150
200105,-0.222
200106,-0.031
200107,0.123
200108,-0.014
200109,-0.211
200110,-0.224
200111,-0.259
200112,-0.413
200201,-0.059
200202,0.235
200203,0.012
200204,0.011
200205,0.173
200206,0.656
200207,0.678
200208,0.953
200209,1.106
200210,1.250
200211,1.472
200212,1.437
200301,1.072
200302,0.618
200303,0.499
200304,-0.124
200305,-0.510
200306,-0.299
200307,0.031
200308,-0.092
200309,0.179
200310,0.374
200311,0.344
200312,0.307
200401,0.052
200402,0.043
200403,-0.156
200404,-0.123
200405,0.078
200406,-0.051
200407,0.376
200408,0.648
200409,0.730
200410,0.635
200411,0.552
200412,0.706
200501,0.481
200502,0.153
200503,0.310
200504,0.138
200505,0.218
200506,0.262
200507,0.119
200508,-0.044
200509,-0.106
200510,0.030
200511,-0.479
200512,-0.717
200601,-0.815
200602,-0.643
200603,-0.769
200604,-0.316
200605,-0.052
200606,0.097
200607,0.053
200608,0.371
200609,0.686
200610,0.749
200611,0.939
200612,1.166
200701,0.720
200702,0.155
200703,-0.116
200704,-0.248
200705,-0.424
200706,-0.181
200707,-0.578
200708,-0.639
200709,-1.170
200710,-1.617
200711,-1.730
200712,-1.589
200801,-1.734
200802,-1.813
200803,-1.196
200804,-1.015
200805,-0.776
200806,-0.579
200807,-0.176
200808,-0.041
200809,-0.276
200810,-0.414
200811,-0.496
200812,-0.909
200901,-0.983
200902,-0.639
200903,-0.542
200904,-0.343
200905,0.090
200906,0.361
200907,0.566
200908,0.649
200909,0.737
200910,0.814
200911,1.375
200912,1.586
201001,1.475
201002,1.154
201003,0.994
201004,0.500
201005,-0.263
201006,-0.769
201007,-1.208
201008,-1.369
201009,-1.510
201010,-1.675
201011,-1.734
201012,-1.777
201101,-1.666
201102,-1.176
201103,-1.003
201104,-0.736
201105,-0.477
201106,-0.351
201107,-0.431
201108,-0.681
201109,-0.773
201110,-1.027
201111,-1.285
201112,-1.070
201201,-1.050
201202,-0.700
201203,-0.581
201204,-0.452
201205,-0.201
201206,0.116
201207,0.335
201208,0.696
201209,0.436
201210,0.236
201211,0.167
201212,-0.155
201301,-0.357
201302,-0.212
201303,-0.038
201304,-0.143
201305,-0.319
201306,-0.348
201307,-0.361
201308,-0.240
201309,-0.024
201310,-0.255
201311,0.016
201312,-0.059
201401,-0.315
201402,-0.420
201403,-0.084
201404,0.136
201405,0.331
201406,0.276
201407,-0.016
201408,0.228
201409,0.442
201410,0.457
201411,0.707
201412,0.696
201501,0.534
201502,0.559
201503,0.459
201504,0.674
201505,0.843
201506,1.013
201507,1.329
201508,1.892
201509,2.105
201510,2.309
201511,2.672
201512,2.578
201601,2.381
201602,2.094
201603,1.499
201604,0.974
201605,0.350
201606,-0.120
201607,-0.393
201608,-0.410
201609,-0.440
201610,-0.528
201611,-0.497
201612,-0.382
201701,-0.308
201702,0.061
201703,0.137
201704,0.225
201705,0.415
201706,0.391
201707,0.327
201708,-0.086
201709,-0.359
201710,-0.475
201711,-0.851
201712,-0.895
201801,-0.706
201802,-0.696
201803,-0.758
201804,-0.557
201805,-0.203
201806,0.104
201807,0.237
201808,0.202
201809,0.283
201810,0.723
201811,0.763
201812,0.786
201901,0.594
201902,0.625
201903,0.865
201904,0.634
201905,0.674
201906,0.499
201907,0.328
201908,-0.012
201909,-0.131
201910,0.434
201911,0.426
201912,0.403
202001,0.503
202002,0.369
202003,0.396
202004,0.306
202005,-0.332
202006,-0.482
202007,-0.295
202008,-0.631
202009,-0.908
202010,-1.346
202011,-1.425
202012,-1.123
202101,-0.968
202102,-0.780
202103,-0.559
202104,-0.589
202105,-0.362
202106,-0.156
202107,-0.268
202108,-0.382
202109,-0.422
202110,-0.952
202111,-0.970
202112,-0.989
202201,-0.841
202202,-0.752
202203,-1.029
202204,-1.116
202205,-1.109
202206,-0.752
202207,-0.682
202208,-0.893
202209,-0.944
202210,-0.923
202211,-1.036
202212,-0.873
202301,-0.682
202302,-0.458
202303,-0.001
202304,0.121
202305,0.485
202306,0.870
202307,1.038
202308,1.368
202309,1.618
202310,1.625
202311,1.824
202312,1.993
202401,1.818
202402,1.602
202403,1.310
202404,0.892
202405,0.274
202406,0.254
202407,0.091
202408,0.024
202409,-0.322
202410,-0.505
202411,-0.267
202412,-0.705
202501,-0.777
202502,-0.416
202503,0.075
202504,-0.134
202505,-0.046
202506,-0.073
202507,-0.180
202508,-0.326
202509,-0.452
202510,-0.561
202511,-0.706
202512,-0.641
202601,-0.530
202602,-0.247
202603,0.023
202604,0.457
202605,0.991
202606,1.45
202607,2.03
